date;lat;lon
16/03/2020, 19:56:57 ; -23.4622667 ; -47.47025
16/03/2020, 19:56:58 ; -23.4622667 ; -47.47025
16/03/2020, 19:56:59 ; -23.46228 ; -47.4702583
16/03/2020, 19:57:00 ; -23.4622817 ; -47.47026
16/03/2020, 19:57:01 ; -23.462285 ; -47.47026
16/03/2020, 19:57:03 ; -23.462295 ; -47.47026
16/03/2020, 19:57:04 ; -23.4622967 ; -47.47026
16/03/2020, 19:57:05 ; -23.4622983 ; -47.470255
16/03/2020, 19:57:06 ; -23.462295 ; -47.4702533
16/03/2020, 19:57:07 ; -23.4623 ; -47.47025
16/03/2020, 19:57:08 ; -23.4623 ; -47.4702517
16/03/2020, 19:57:09 ; -23.4622983 ; -47.470255
16/03/2020, 19:57:10 ; -23.4623017 ; -47.4702583
16/03/2020, 19:57:11 ; -23.4622983 ; -47.4702583
16/03/2020, 19:57:13 ; -23.4622933 ; -47.4702583
16/03/2020, 19:57:13 ; -23.46229 ; -47.47026
16/03/2020, 19:57:14 ; -23.4622817 ; -47.4702633
16/03/2020, 19:57:15 ; -23.4622717 ; -47.4702667
16/03/2020, 19:57:16 ; -23.4622683 ; -47.47027
16/03/2020, 19:57:17 ; -23.462265 ; -47.4702733
16/03/2020, 19:57:18 ; -23.4622633 ; -47.4702683
16/03/2020, 19:57:19 ; -23.4622567 ; -47.47027
16/03/2020, 19:57:20 ; -23.4622567 ; -47.47027
16/03/2020, 19:57:21 ; -23.4622567 ; -47.4702783
16/03/2020, 19:57:22 ; -23.4622567 ; -47.47028
16/03/2020, 19:57:23 ; -23.4622533 ; -47.4702767
16/03/2020, 19:57:25 ; -23.4622467 ; -47.4702817
16/03/2020, 19:57:26 ; -23.4622467 ; -47.4702817
16/03/2020, 19:57:27 ; -23.4622467 ; -47.4702817
16/03/2020, 19:57:28 ; -23.4622333 ; -47.470295
16/03/2020, 19:57:29 ; -23.4622333 ; -47.470295
16/03/2020, 19:57:31 ; -23.46224 ; -47.4702983
16/03/2020, 19:57:32 ; -23.4622417 ; -47.4702967
16/03/2020, 19:57:33 ; -23.4622433 ; -47.4703
16/03/2020, 19:57:36 ; -23.4622367 ; -47.4702967
16/03/2020, 19:57:37 ; -23.4622367 ; -47.4702967
16/03/2020, 19:57:38 ; -23.4622367 ; -47.4702967
16/03/2020, 19:57:40 ; -23.46224 ; -47.4703
16/03/2020, 19:57:41 ; -23.462245 ; -47.4703017
16/03/2020, 19:57:42 ; -23.4622467 ; -47.4702983
16/03/2020, 19:57:43 ; -23.4622467 ; -47.4702983
16/03/2020, 19:57:44 ; -23.4622483 ; -47.4702967
16/03/2020, 19:57:45 ; -23.46225 ; -47.4702983
16/03/2020, 19:57:47 ; -23.4622517 ; -47.4703
16/03/2020, 19:57:48 ; -23.4622483 ; -47.4702967
16/03/2020, 19:57:49 ; -23.4622483 ; -47.4702967
16/03/2020, 19:57:50 ; -23.4622483 ; -47.4702967
16/03/2020, 19:57:52 ; -23.4622483 ; -47.4702967
16/03/2020, 19:57:53 ; -23.4622483 ; -47.4702967
16/03/2020, 19:57:55 ; -23.4622483 ; -47.4702967
16/03/2020, 19:57:56 ; -23.4622483 ; -47.4702967
16/03/2020, 19:57:57 ; -23.4622433 ; -47.470295
16/03/2020, 19:57:58 ; -23.46224 ; -47.4702917
16/03/2020, 19:57:59 ; -23.4622367 ; -47.4702967
16/03/2020, 19:58:00 ; -23.4622367 ; -47.4703017
16/03/2020, 19:58:01 ; -23.4622417 ; -47.470305
16/03/2020, 19:58:03 ; -23.4622467 ; -47.4702967
16/03/2020, 19:58:05 ; -23.4622617 ; -47.470285
16/03/2020, 19:58:06 ; -23.4622667 ; -47.4702767
16/03/2020, 19:58:08 ; -23.4622833 ; -47.4702617
16/03/2020, 19:58:09 ; -23.4622833 ; -47.4702567
16/03/2020, 19:58:11 ; -23.462285 ; -47.47025
16/03/2020, 19:58:11 ; -23.462285 ; -47.470245
16/03/2020, 19:58:12 ; -23.4622833 ; -47.4702417
16/03/2020, 19:58:13 ; -23.4622833 ; -47.4702417
16/03/2020, 19:58:14 ; -23.4622833 ; -47.4702417
16/03/2020, 19:58:15 ; -23.4622833 ; -47.4702417
16/03/2020, 19:58:16 ; -23.4622833 ; -47.4702417
16/03/2020, 19:58:17 ; -23.4622833 ; -47.4702417
16/03/2020, 19:58:19 ; -23.4622833 ; -47.4702417
16/03/2020, 19:58:19 ; -23.4622833 ; -47.4702417
16/03/2020, 19:58:20 ; -23.4622833 ; -47.4702417
16/03/2020, 19:58:21 ; -23.4622833 ; -47.4702417
16/03/2020, 19:58:22 ; -23.4622833 ; -47.4702417
16/03/2020, 19:58:23 ; -23.4622833 ; -47.4702417
16/03/2020, 19:58:24 ; -23.4622833 ; -47.4702417
16/03/2020, 19:58:25 ; -23.462315 ; -47.4702267
16/03/2020, 19:58:26 ; -23.46232 ; -47.4702267
16/03/2020, 19:58:27 ; -23.462325 ; -47.4702267
16/03/2020, 19:58:28 ; -23.46233 ; -47.4702267
16/03/2020, 19:58:29 ; -23.4623267 ; -47.4702167
16/03/2020, 19:58:30 ; -23.46233 ; -47.470215
16/03/2020, 19:58:31 ; -23.4623383 ; -47.4702133
16/03/2020, 19:58:31 ; -23.4623383 ; -47.4702083
16/03/2020, 19:58:33 ; -23.4623283 ; -47.4702017
16/03/2020, 19:58:34 ; -23.4623267 ; -47.4701917
16/03/2020, 19:58:35 ; -23.4623217 ; -47.47018
16/03/2020, 19:58:36 ; -23.4623167 ; -47.47017
16/03/2020, 19:58:37 ; -23.4623117 ; -47.47016
16/03/2020, 19:58:38 ; -23.462305 ; -47.4701483
16/03/2020, 19:58:38 ; -23.4622967 ; -47.47014
16/03/2020, 19:58:40 ; -23.4622867 ; -47.4701283
16/03/2020, 19:58:41 ; -23.4622733 ; -47.47012
16/03/2020, 19:58:42 ; -23.4622617 ; -47.4701117
16/03/2020, 19:58:43 ; -23.46224 ; -47.4701067
16/03/2020, 19:58:44 ; -23.4622283 ; -47.4700983
16/03/2020, 19:58:45 ; -23.46222 ; -47.4700883
16/03/2020, 19:58:46 ; -23.46221 ; -47.4700783
16/03/2020, 19:58:47 ; -23.4621983 ; -47.4700633
16/03/2020, 19:58:48 ; -23.46219 ; -47.4700533
16/03/2020, 19:58:49 ; -23.462185 ; -47.47004
16/03/2020, 19:58:50 ; -23.4621717 ; -47.470035
16/03/2020, 19:58:51 ; -23.462165 ; -47.4700233
16/03/2020, 19:58:52 ; -23.46216 ; -47.4700117
16/03/2020, 19:58:53 ; -23.4621533 ; -47.4699983
16/03/2020, 19:58:54 ; -23.4621483 ; -47.4699867
16/03/2020, 19:58:56 ; -23.4621283 ; -47.4699717
16/03/2020, 19:58:57 ; -23.4621183 ; -47.46996
16/03/2020, 19:58:58 ; -23.462105 ; -47.4699467
16/03/2020, 19:58:59 ; -23.4620967 ; -47.469935
16/03/2020, 19:59:00 ; -23.4620883 ; -47.469925
16/03/2020, 19:59:01 ; -23.4620817 ; -47.469915
16/03/2020, 19:59:02 ; -23.4620717 ; -47.4699033
16/03/2020, 19:59:03 ; -23.46206 ; -47.469895
16/03/2020, 19:59:04 ; -23.46205 ; -47.4698833
16/03/2020, 19:59:05 ; -23.4620433 ; -47.4698717
16/03/2020, 19:59:06 ; -23.4620367 ; -47.4698617
16/03/2020, 19:59:07 ; -23.462025 ; -47.469855
16/03/2020, 19:59:08 ; -23.4620133 ; -47.4698433
16/03/2020, 19:59:09 ; -23.4620033 ; -47.4698333
16/03/2020, 19:59:10 ; -23.4619933 ; -47.4698267
16/03/2020, 19:59:11 ; -23.4619833 ; -47.46982
16/03/2020, 19:59:11 ; -23.4619833 ; -47.46982
16/03/2020, 19:59:12 ; -23.4619733 ; -47.4698117
16/03/2020, 19:59:14 ; -23.4619533 ; -47.4697983
16/03/2020, 19:59:16 ; -23.461945 ; -47.46979
16/03/2020, 19:59:16 ; -23.461935 ; -47.4697817
16/03/2020, 19:59:17 ; -23.461925 ; -47.4697733
16/03/2020, 19:59:18 ; -23.4619167 ; -47.4697633
16/03/2020, 19:59:20 ; -23.4618983 ; -47.4697433
16/03/2020, 19:59:21 ; -23.4618917 ; -47.469735
16/03/2020, 19:59:22 ; -23.4618833 ; -47.469725
16/03/2020, 19:59:23 ; -23.4618833 ; -47.4697133
16/03/2020, 19:59:24 ; -23.4618883 ; -47.4696933
16/03/2020, 19:59:25 ; -23.4618867 ; -47.4696767
16/03/2020, 19:59:26 ; -23.4618783 ; -47.4696617
16/03/2020, 19:59:27 ; -23.4618733 ; -47.4696517
16/03/2020, 19:59:28 ; -23.4618667 ; -47.46964
16/03/2020, 19:59:28 ; -23.4618617 ; -47.4696283
16/03/2020, 19:59:32 ; -23.46184 ; -47.4695933
16/03/2020, 19:59:33 ; -23.4618367 ; -47.46958
16/03/2020, 19:59:33 ; -23.4618283 ; -47.4695683
16/03/2020, 19:59:35 ; -23.4618217 ; -47.4695567
16/03/2020, 19:59:36 ; -23.4618133 ; -47.4695433
16/03/2020, 19:59:37 ; -23.46181 ; -47.4695317
16/03/2020, 19:59:38 ; -23.46181 ; -47.4695233
16/03/2020, 19:59:39 ; -23.46181 ; -47.46951
16/03/2020, 19:59:40 ; -23.4618133 ; -47.4694983
16/03/2020, 19:59:41 ; -23.461815 ; -47.4694833
16/03/2020, 19:59:42 ; -23.46182 ; -47.4694667
16/03/2020, 19:59:42 ; -23.4618217 ; -47.46945
16/03/2020, 19:59:45 ; -23.4618383 ; -47.4694183
16/03/2020, 19:59:45 ; -23.4618383 ; -47.4694183
16/03/2020, 19:59:46 ; -23.46185 ; -47.469405
16/03/2020, 19:59:47 ; -23.4618633 ; -47.469395
16/03/2020, 19:59:48 ; -23.4618767 ; -47.469385
16/03/2020, 19:59:49 ; -23.4618867 ; -47.469375
16/03/2020, 19:59:50 ; -23.461895 ; -47.4693617
16/03/2020, 19:59:51 ; -23.461905 ; -47.4693483
16/03/2020, 19:59:52 ; -23.461915 ; -47.4693333
16/03/2020, 19:59:53 ; -23.4619267 ; -47.4693233
16/03/2020, 19:59:54 ; -23.4619333 ; -47.4693167
16/03/2020, 19:59:55 ; -23.4619383 ; -47.4693083
16/03/2020, 19:59:56 ; -23.461945 ; -47.4693033
16/03/2020, 19:59:57 ; -23.461955 ; -47.4692933
16/03/2020, 19:59:58 ; -23.461965 ; -47.4692833
16/03/2020, 19:59:59 ; -23.461975 ; -47.4692733
16/03/2020, 20:00:00 ; -23.4619867 ; -47.4692633
16/03/2020, 20:00:01 ; -23.4619933 ; -47.4692567
16/03/2020, 20:00:02 ; -23.4619983 ; -47.4692467
16/03/2020, 20:00:03 ; -23.462005 ; -47.4692383
16/03/2020, 20:00:04 ; -23.4620117 ; -47.4692317
16/03/2020, 20:00:05 ; -23.46202 ; -47.46922
16/03/2020, 20:00:06 ; -23.46203 ; -47.46921
16/03/2020, 20:00:07 ; -23.4620383 ; -47.4691983
16/03/2020, 20:00:08 ; -23.4620467 ; -47.46918
16/03/2020, 20:00:09 ; -23.4620567 ; -47.4691667
16/03/2020, 20:00:10 ; -23.4620683 ; -47.4691583
16/03/2020, 20:00:11 ; -23.46208 ; -47.4691483
16/03/2020, 20:00:12 ; -23.46209 ; -47.46914
16/03/2020, 20:00:14 ; -23.462115 ; -47.4691267
16/03/2020, 20:00:15 ; -23.4621283 ; -47.4691283
16/03/2020, 20:00:16 ; -23.4621417 ; -47.469135
16/03/2020, 20:00:18 ; -23.462165 ; -47.4691517
16/03/2020, 20:00:19 ; -23.46218 ; -47.4691633
16/03/2020, 20:00:20 ; -23.46219 ; -47.4691683
16/03/2020, 20:00:21 ; -23.4621983 ; -47.469175
16/03/2020, 20:00:23 ; -23.46222 ; -47.4691883
16/03/2020, 20:00:24 ; -23.46223 ; -47.4691983
16/03/2020, 20:00:25 ; -23.4622383 ; -47.4692083
16/03/2020, 20:00:25 ; -23.462245 ; -47.469215
16/03/2020, 20:00:27 ; -23.4622567 ; -47.4692267
16/03/2020, 20:00:28 ; -23.4622617 ; -47.46924
16/03/2020, 20:00:28 ; -23.4622733 ; -47.4692517
16/03/2020, 20:00:30 ; -23.4622833 ; -47.469265
16/03/2020, 20:00:31 ; -23.46229 ; -47.4692767
16/03/2020, 20:00:32 ; -23.4622967 ; -47.4692867
16/03/2020, 20:00:33 ; -23.4622983 ; -47.4693
16/03/2020, 20:00:34 ; -23.4623083 ; -47.4693117
16/03/2020, 20:00:35 ; -23.4623167 ; -47.46932
16/03/2020, 20:00:36 ; -23.4623233 ; -47.46933
16/03/2020, 20:00:37 ; -23.46233 ; -47.4693367
16/03/2020, 20:00:38 ; -23.4623433 ; -47.4693467
16/03/2020, 20:00:39 ; -23.4623517 ; -47.4693567
16/03/2020, 20:00:40 ; -23.4623617 ; -47.4693667
16/03/2020, 20:00:41 ; -23.46237 ; -47.4693767
16/03/2020, 20:00:42 ; -23.4623783 ; -47.4693867
16/03/2020, 20:00:43 ; -23.462385 ; -47.469395
16/03/2020, 20:00:44 ; -23.4623933 ; -47.469405
16/03/2020, 20:00:45 ; -23.4624067 ; -47.469415
16/03/2020, 20:00:46 ; -23.4624167 ; -47.4694267
16/03/2020, 20:00:47 ; -23.4624267 ; -47.4694383
16/03/2020, 20:00:48 ; -23.46244 ; -47.4694483
16/03/2020, 20:00:49 ; -23.4624467 ; -47.4694617
16/03/2020, 20:00:50 ; -23.4624583 ; -47.46947
16/03/2020, 20:00:51 ; -23.46247 ; -47.4694783
16/03/2020, 20:00:52 ; -23.4624783 ; -47.4694867
16/03/2020, 20:00:53 ; -23.4624867 ; -47.4695017
16/03/2020, 20:00:55 ; -23.4625033 ; -47.469525
16/03/2020, 20:00:56 ; -23.4625117 ; -47.4695333
16/03/2020, 20:00:56 ; -23.4625117 ; -47.4695333
16/03/2020, 20:00:57 ; -23.4625217 ; -47.4695417
16/03/2020, 20:00:58 ; -23.4625317 ; -47.4695517
16/03/2020, 20:00:58 ; -23.4625417 ; -47.46956
16/03/2020, 20:01:00 ; -23.4625517 ; -47.4695667
16/03/2020, 20:01:01 ; -23.4625633 ; -47.4695767
16/03/2020, 20:01:03 ; -23.4625883 ; -47.4695983
16/03/2020, 20:01:04 ; -23.4625967 ; -47.46961
16/03/2020, 20:01:05 ; -23.4626033 ; -47.4696217
16/03/2020, 20:01:06 ; -23.46261 ; -47.4696317
16/03/2020, 20:01:07 ; -23.4626183 ; -47.469645
16/03/2020, 20:01:08 ; -23.4626267 ; -47.4696567
16/03/2020, 20:01:09 ; -23.4626383 ; -47.4696617
16/03/2020, 20:01:10 ; -23.46265 ; -47.4696717
16/03/2020, 20:01:12 ; -23.4626633 ; -47.4696767
16/03/2020, 20:01:12 ; -23.462675 ; -47.4696833
16/03/2020, 20:01:13 ; -23.4626883 ; -47.4696917
16/03/2020, 20:01:14 ; -23.4626983 ; -47.4697033
16/03/2020, 20:01:15 ; -23.46271 ; -47.4697133
16/03/2020, 20:01:16 ; -23.46272 ; -47.469725
16/03/2020, 20:01:17 ; -23.46273 ; -47.469735
16/03/2020, 20:01:18 ; -23.46274 ; -47.4697467
16/03/2020, 20:01:19 ; -23.4627433 ; -47.4697583
16/03/2020, 20:01:20 ; -23.4627483 ; -47.4697683
16/03/2020, 20:01:21 ; -23.4627567 ; -47.4697783
16/03/2020, 20:01:22 ; -23.4627667 ; -47.469785
16/03/2020, 20:01:23 ; -23.462775 ; -47.4697933
16/03/2020, 20:01:24 ; -23.462785 ; -47.4698033
16/03/2020, 20:01:25 ; -23.4627967 ; -47.4698033
16/03/2020, 20:01:26 ; -23.4628067 ; -47.46981
16/03/2020, 20:01:27 ; -23.4628133 ; -47.469815
16/03/2020, 20:01:28 ; -23.4628233 ; -47.469825
16/03/2020, 20:01:29 ; -23.4628283 ; -47.469835
16/03/2020, 20:01:30 ; -23.4628333 ; -47.46985
16/03/2020, 20:01:31 ; -23.462845 ; -47.4698583
16/03/2020, 20:01:32 ; -23.4628517 ; -47.469865
16/03/2020, 20:01:33 ; -23.4628617 ; -47.469875
16/03/2020, 20:01:34 ; -23.4628733 ; -47.4698783
16/03/2020, 20:01:35 ; -23.46288 ; -47.4698867
16/03/2020, 20:01:36 ; -23.46289 ; -47.4698933
16/03/2020, 20:01:37 ; -23.4629017 ; -47.4699017
16/03/2020, 20:01:37 ; -23.4629133 ; -47.46991
16/03/2020, 20:01:39 ; -23.4629217 ; -47.4699217
16/03/2020, 20:01:40 ; -23.4629333 ; -47.469935
16/03/2020, 20:01:41 ; -23.462945 ; -47.4699467
16/03/2020, 20:01:41 ; -23.4629567 ; -47.4699617
16/03/2020, 20:01:43 ; -23.4629683 ; -47.4699717
16/03/2020, 20:01:44 ; -23.4629783 ; -47.4699833
16/03/2020, 20:01:44 ; -23.4629883 ; -47.469995
16/03/2020, 20:01:47 ; -23.4630067 ; -47.470015
16/03/2020, 20:01:49 ; -23.4630217 ; -47.4700333
16/03/2020, 20:01:50 ; -23.4630283 ; -47.4700417
16/03/2020, 20:01:51 ; -23.46304 ; -47.47005
16/03/2020, 20:01:53 ; -23.4630567 ; -47.4700667
16/03/2020, 20:01:54 ; -23.463065 ; -47.470075
16/03/2020, 20:01:55 ; -23.4630733 ; -47.4700817
16/03/2020, 20:01:55 ; -23.4630833 ; -47.4700883
16/03/2020, 20:01:57 ; -23.46309 ; -47.4700983
16/03/2020, 20:01:59 ; -23.46311 ; -47.4701167
16/03/2020, 20:02:00 ; -23.4631233 ; -47.4701267
16/03/2020, 20:02:01 ; -23.4631367 ; -47.4701333
16/03/2020, 20:02:02 ; -23.46315 ; -47.4701417
16/03/2020, 20:02:03 ; -23.46316 ; -47.4701533
16/03/2020, 20:02:04 ; -23.46317 ; -47.4701683
16/03/2020, 20:02:05 ; -23.46318 ; -47.47018
16/03/2020, 20:02:06 ; -23.4631883 ; -47.4701917
16/03/2020, 20:02:07 ; -23.4631933 ; -47.4702033
16/03/2020, 20:02:07 ; -23.4632017 ; -47.470215
16/03/2020, 20:02:10 ; -23.4632217 ; -47.4702367
16/03/2020, 20:02:11 ; -23.46323 ; -47.470245
16/03/2020, 20:02:12 ; -23.463235 ; -47.4702567
16/03/2020, 20:02:13 ; -23.4632433 ; -47.4702667
16/03/2020, 20:02:14 ; -23.4632483 ; -47.4702767
16/03/2020, 20:02:15 ; -23.4632567 ; -47.4702833
16/03/2020, 20:02:16 ; -23.463265 ; -47.4702933
16/03/2020, 20:02:17 ; -23.4632733 ; -47.4703033
16/03/2020, 20:02:18 ; -23.4632817 ; -47.4703117
16/03/2020, 20:02:18 ; -23.4632817 ; -47.4703117
16/03/2020, 20:02:19 ; -23.4632917 ; -47.470325
16/03/2020, 20:02:20 ; -23.4633 ; -47.4703333
16/03/2020, 20:02:21 ; -23.46331 ; -47.4703383
16/03/2020, 20:02:22 ; -23.4633233 ; -47.470345
16/03/2020, 20:02:23 ; -23.463335 ; -47.4703533
16/03/2020, 20:02:24 ; -23.4633433 ; -47.4703583
16/03/2020, 20:02:25 ; -23.46335 ; -47.470365
16/03/2020, 20:02:26 ; -23.4633483 ; -47.47037
16/03/2020, 20:02:27 ; -23.463355 ; -47.4703783
16/03/2020, 20:02:28 ; -23.4633633 ; -47.47039
16/03/2020, 20:02:29 ; -23.4633667 ; -47.4704033
16/03/2020, 20:02:30 ; -23.4633717 ; -47.4704117
16/03/2020, 20:02:31 ; -23.4633833 ; -47.4704217
16/03/2020, 20:02:33 ; -23.4633883 ; -47.4704367
16/03/2020, 20:02:34 ; -23.463395 ; -47.4704467
16/03/2020, 20:02:35 ; -23.4633967 ; -47.4704567
16/03/2020, 20:02:36 ; -23.4634067 ; -47.4704667
16/03/2020, 20:02:37 ; -23.4634183 ; -47.470475
16/03/2020, 20:02:38 ; -23.46343 ; -47.4704817
16/03/2020, 20:02:39 ; -23.46344 ; -47.4704917
16/03/2020, 20:02:40 ; -23.4634467 ; -47.4704967
16/03/2020, 20:02:42 ; -23.4634667 ; -47.4705183
16/03/2020, 20:02:43 ; -23.463475 ; -47.4705317
16/03/2020, 20:02:50 ; -23.4635317 ; -47.470595
16/03/2020, 20:02:52 ; -23.46356 ; -47.470625
16/03/2020, 20:02:53 ; -23.4635733 ; -47.4706333
16/03/2020, 20:02:56 ; -23.463605 ; -47.47065
16/03/2020, 20:02:57 ; -23.46361 ; -47.4706533
16/03/2020, 20:02:58 ; -23.4636083 ; -47.4706617
16/03/2020, 20:02:58 ; -23.4636117 ; -47.47067
16/03/2020, 20:03:00 ; -23.4636217 ; -47.4706817
16/03/2020, 20:03:01 ; -23.4636317 ; -47.470695
16/03/2020, 20:03:01 ; -23.4636317 ; -47.470695
16/03/2020, 20:03:02 ; -23.4636383 ; -47.4707067
16/03/2020, 20:03:03 ; -23.4636467 ; -47.470715
16/03/2020, 20:03:04 ; -23.46366 ; -47.4707267
16/03/2020, 20:03:05 ; -23.4636683 ; -47.4707383
16/03/2020, 20:03:06 ; -23.4636783 ; -47.47075
16/03/2020, 20:03:06 ; -23.4636883 ; -47.4707583
16/03/2020, 20:03:08 ; -23.4637 ; -47.4707683
16/03/2020, 20:03:08 ; -23.463715 ; -47.470775
16/03/2020, 20:03:10 ; -23.4637283 ; -47.4707817
16/03/2020, 20:03:11 ; -23.463735 ; -47.47079
16/03/2020, 20:03:13 ; -23.4637483 ; -47.470815
16/03/2020, 20:03:14 ; -23.4637583 ; -47.4708233
16/03/2020, 20:03:15 ; -23.46377 ; -47.4708317
16/03/2020, 20:03:17 ; -23.46379 ; -47.470855
16/03/2020, 20:03:18 ; -23.4638 ; -47.470865
16/03/2020, 20:03:19 ; -23.4638083 ; -47.4708733
16/03/2020, 20:03:20 ; -23.4638167 ; -47.47088
16/03/2020, 20:03:21 ; -23.4638283 ; -47.4708883
16/03/2020, 20:03:22 ; -23.46384 ; -47.4709
16/03/2020, 20:03:22 ; -23.4638467 ; -47.47091
16/03/2020, 20:03:24 ; -23.4638567 ; -47.470915
16/03/2020, 20:03:25 ; -23.4638667 ; -47.4709217
16/03/2020, 20:03:26 ; -23.4638767 ; -47.4709283
16/03/2020, 20:03:27 ; -23.4638867 ; -47.4709333
16/03/2020, 20:03:28 ; -23.4638983 ; -47.4709433
16/03/2020, 20:03:29 ; -23.4639117 ; -47.47095
16/03/2020, 20:03:32 ; -23.4639467 ; -47.4709733
16/03/2020, 20:03:33 ; -23.4639567 ; -47.4709833
16/03/2020, 20:03:34 ; -23.463965 ; -47.4709933
16/03/2020, 20:03:35 ; -23.4639733 ; -47.4709983
16/03/2020, 20:03:36 ; -23.4639817 ; -47.4710083
16/03/2020, 20:03:37 ; -23.463995 ; -47.47102
16/03/2020, 20:03:38 ; -23.46401 ; -47.47103
16/03/2020, 20:03:38 ; -23.4640183 ; -47.47104
16/03/2020, 20:03:40 ; -23.4640283 ; -47.4710517
16/03/2020, 20:03:41 ; -23.46404 ; -47.4710617
16/03/2020, 20:03:42 ; -23.4640517 ; -47.4710683
16/03/2020, 20:03:43 ; -23.4640567 ; -47.4710767
16/03/2020, 20:03:44 ; -23.464065 ; -47.471085
16/03/2020, 20:03:45 ; -23.4640733 ; -47.471095
16/03/2020, 20:03:46 ; -23.4640817 ; -47.4711067
16/03/2020, 20:03:47 ; -23.4640917 ; -47.4711167
16/03/2020, 20:03:47 ; -23.4640983 ; -47.4711267
16/03/2020, 20:03:49 ; -23.4641033 ; -47.4711417
16/03/2020, 20:03:50 ; -23.46411 ; -47.4711533
16/03/2020, 20:03:51 ; -23.46411 ; -47.4711683
16/03/2020, 20:03:52 ; -23.464105 ; -47.4711867
16/03/2020, 20:03:53 ; -23.4641 ; -47.471205
16/03/2020, 20:03:54 ; -23.4640933 ; -47.4712183
16/03/2020, 20:03:55 ; -23.464085 ; -47.4712317
16/03/2020, 20:03:56 ; -23.4640767 ; -47.471245
16/03/2020, 20:03:57 ; -23.4640717 ; -47.47126
16/03/2020, 20:03:58 ; -23.46406 ; -47.4712733
16/03/2020, 20:03:58 ; -23.4640483 ; -47.4712833
16/03/2020, 20:04:00 ; -23.464035 ; -47.471295
16/03/2020, 20:04:00 ; -23.464035 ; -47.471295
16/03/2020, 20:04:01 ; -23.464025 ; -47.4713033
16/03/2020, 20:04:03 ; -23.4640067 ; -47.471325
16/03/2020, 20:04:04 ; -23.4639967 ; -47.4713333
16/03/2020, 20:04:05 ; -23.46399 ; -47.4713433
16/03/2020, 20:04:05 ; -23.46399 ; -47.4713433
16/03/2020, 20:04:06 ; -23.4639783 ; -47.47135
16/03/2020, 20:04:07 ; -23.4639667 ; -47.47136
16/03/2020, 20:04:09 ; -23.4639467 ; -47.4713767
16/03/2020, 20:04:10 ; -23.463935 ; -47.471385
16/03/2020, 20:04:11 ; -23.4639217 ; -47.471395
16/03/2020, 20:04:12 ; -23.4639083 ; -47.471405
16/03/2020, 20:04:13 ; -23.4638967 ; -47.4714117
16/03/2020, 20:04:14 ; -23.4638867 ; -47.4714217
16/03/2020, 20:04:15 ; -23.4638767 ; -47.4714333
16/03/2020, 20:04:16 ; -23.46387 ; -47.4714433
16/03/2020, 20:04:17 ; -23.4638617 ; -47.471455
16/03/2020, 20:04:18 ; -23.4638533 ; -47.4714617
16/03/2020, 20:04:19 ; -23.4638433 ; -47.4714667
16/03/2020, 20:04:20 ; -23.4638367 ; -47.47147
16/03/2020, 20:04:21 ; -23.4638283 ; -47.4714767
16/03/2020, 20:04:22 ; -23.4638233 ; -47.4714867
16/03/2020, 20:04:23 ; -23.4638117 ; -47.4714967
16/03/2020, 20:04:24 ; -23.4637983 ; -47.471505
16/03/2020, 20:04:25 ; -23.4637883 ; -47.47151
16/03/2020, 20:04:26 ; -23.46378 ; -47.471515
16/03/2020, 20:04:27 ; -23.4637667 ; -47.4715183
16/03/2020, 20:04:28 ; -23.463755 ; -47.471515
16/03/2020, 20:04:29 ; -23.46374 ; -47.4715133
16/03/2020, 20:04:30 ; -23.463725 ; -47.4715067
16/03/2020, 20:04:31 ; -23.4637167 ; -47.4714967
16/03/2020, 20:04:32 ; -23.463705 ; -47.4714917
16/03/2020, 20:04:33 ; -23.4636967 ; -47.471485
16/03/2020, 20:04:34 ; -23.46369 ; -47.4714767
16/03/2020, 20:04:35 ; -23.46368 ; -47.47147
16/03/2020, 20:04:36 ; -23.4636717 ; -47.4714617
16/03/2020, 20:04:37 ; -23.46366 ; -47.4714517
16/03/2020, 20:04:38 ; -23.4636517 ; -47.4714467
16/03/2020, 20:04:39 ; -23.4636433 ; -47.4714433
16/03/2020, 20:04:40 ; -23.4636367 ; -47.47144
16/03/2020, 20:04:40 ; -23.463625 ; -47.4714333
16/03/2020, 20:04:42 ; -23.4636167 ; -47.4714183
16/03/2020, 20:04:43 ; -23.4636067 ; -47.471405
16/03/2020, 20:04:44 ; -23.4635983 ; -47.4713883
16/03/2020, 20:04:45 ; -23.463585 ; -47.4713833
16/03/2020, 20:04:46 ; -23.463575 ; -47.4713783
16/03/2020, 20:04:47 ; -23.4635633 ; -47.4713767
16/03/2020, 20:04:48 ; -23.4635517 ; -47.4713717
16/03/2020, 20:04:49 ; -23.4635417 ; -47.4713617
16/03/2020, 20:04:50 ; -23.4635283 ; -47.4713583
16/03/2020, 20:04:51 ; -23.46352 ; -47.4713483
16/03/2020, 20:04:52 ; -23.4635117 ; -47.4713433
16/03/2020, 20:04:56 ; -23.4634867 ; -47.47132
16/03/2020, 20:04:56 ; -23.46348 ; -47.4713117
16/03/2020, 20:04:57 ; -23.4634767 ; -47.4713033
16/03/2020, 20:05:01 ; -23.4634317 ; -47.4712733
16/03/2020, 20:05:02 ; -23.4634183 ; -47.4712617
16/03/2020, 20:05:03 ; -23.4634083 ; -47.4712467
16/03/2020, 20:05:04 ; -23.463395 ; -47.4712267
16/03/2020, 20:05:05 ; -23.463385 ; -47.4712083
16/03/2020, 20:05:06 ; -23.4633733 ; -47.4711983
16/03/2020, 20:05:07 ; -23.463365 ; -47.47119
16/03/2020, 20:05:07 ; -23.4633567 ; -47.4711817
16/03/2020, 20:05:09 ; -23.4633467 ; -47.471175
16/03/2020, 20:05:10 ; -23.46334 ; -47.471165
16/03/2020, 20:05:11 ; -23.46333 ; -47.4711583
16/03/2020, 20:05:12 ; -23.4633183 ; -47.471145
16/03/2020, 20:05:12 ; -23.4633183 ; -47.471145
16/03/2020, 20:05:13 ; -23.46331 ; -47.471135
16/03/2020, 20:05:14 ; -23.463305 ; -47.4711233
16/03/2020, 20:05:15 ; -23.4632983 ; -47.47111
16/03/2020, 20:05:16 ; -23.46329 ; -47.471105
16/03/2020, 20:05:17 ; -23.4632783 ; -47.4710983
16/03/2020, 20:05:18 ; -23.46327 ; -47.4710883
16/03/2020, 20:05:19 ; -23.4632633 ; -47.4710783
16/03/2020, 20:05:19 ; -23.4632533 ; -47.471065
16/03/2020, 20:05:21 ; -23.4632467 ; -47.471055
16/03/2020, 20:05:22 ; -23.46324 ; -47.471045
16/03/2020, 20:05:23 ; -23.4632333 ; -47.47103
16/03/2020, 20:05:24 ; -23.463225 ; -47.4710233
16/03/2020, 20:05:25 ; -23.463215 ; -47.47101
16/03/2020, 20:05:26 ; -23.463205 ; -47.4710017
16/03/2020, 20:05:27 ; -23.4632 ; -47.470995
16/03/2020, 20:05:28 ; -23.4631933 ; -47.4709883
16/03/2020, 20:05:29 ; -23.4631883 ; -47.4709767
16/03/2020, 20:05:30 ; -23.4631817 ; -47.4709667
16/03/2020, 20:05:31 ; -23.46317 ; -47.470955
16/03/2020, 20:05:32 ; -23.46316 ; -47.4709467
16/03/2020, 20:05:33 ; -23.463155 ; -47.4709367
16/03/2020, 20:05:33 ; -23.463145 ; -47.4709317
16/03/2020, 20:05:35 ; -23.4631383 ; -47.4709217
16/03/2020, 20:05:36 ; -23.463125 ; -47.470915
16/03/2020, 20:05:37 ; -23.463115 ; -47.470905
16/03/2020, 20:05:38 ; -23.4631017 ; -47.4708967
16/03/2020, 20:05:39 ; -23.46309 ; -47.4708867
16/03/2020, 20:05:40 ; -23.4630783 ; -47.4708783
16/03/2020, 20:05:41 ; -23.4630633 ; -47.4708733
16/03/2020, 20:05:42 ; -23.4630533 ; -47.470865
16/03/2020, 20:05:43 ; -23.4630483 ; -47.4708567
16/03/2020, 20:05:44 ; -23.46304 ; -47.470855
16/03/2020, 20:05:44 ; -23.4630267 ; -47.4708483
16/03/2020, 20:05:46 ; -23.463015 ; -47.4708417
16/03/2020, 20:05:47 ; -23.46301 ; -47.4708317
16/03/2020, 20:05:48 ; -23.463 ; -47.4708183
16/03/2020, 20:05:49 ; -23.46299 ; -47.470805
16/03/2020, 20:05:50 ; -23.4629817 ; -47.47079
16/03/2020, 20:05:51 ; -23.4629717 ; -47.47078
16/03/2020, 20:05:51 ; -23.462965 ; -47.4707717
16/03/2020, 20:05:53 ; -23.4629533 ; -47.4707633
16/03/2020, 20:05:53 ; -23.462945 ; -47.4707517
16/03/2020, 20:05:55 ; -23.4629383 ; -47.47074
16/03/2020, 20:05:56 ; -23.4629267 ; -47.470735
16/03/2020, 20:05:57 ; -23.46292 ; -47.4707283
16/03/2020, 20:05:58 ; -23.4629117 ; -47.4707217
16/03/2020, 20:05:59 ; -23.4629017 ; -47.470715
16/03/2020, 20:06:00 ; -23.4628933 ; -47.4707083
16/03/2020, 20:06:01 ; -23.4628867 ; -47.4707017
16/03/2020, 20:06:01 ; -23.4628817 ; -47.4706967
16/03/2020, 20:06:03 ; -23.4628767 ; -47.4706833
16/03/2020, 20:06:04 ; -23.4628683 ; -47.4706733
16/03/2020, 20:06:05 ; -23.462865 ; -47.4706567
16/03/2020, 20:06:06 ; -23.4628583 ; -47.4706417
16/03/2020, 20:06:07 ; -23.4628517 ; -47.4706317
16/03/2020, 20:06:08 ; -23.46284 ; -47.4706217
16/03/2020, 20:06:08 ; -23.46284 ; -47.4706217
16/03/2020, 20:06:09 ; -23.4628317 ; -47.4706117
16/03/2020, 20:06:10 ; -23.4628233 ; -47.4706033
16/03/2020, 20:06:10 ; -23.4628067 ; -47.470595
16/03/2020, 20:06:12 ; -23.4627983 ; -47.4705867
16/03/2020, 20:06:13 ; -23.4627867 ; -47.4705783
16/03/2020, 20:06:14 ; -23.4627783 ; -47.4705717
16/03/2020, 20:06:15 ; -23.46277 ; -47.470565
16/03/2020, 20:06:16 ; -23.4627617 ; -47.470555
16/03/2020, 20:06:16 ; -23.4627617 ; -47.470555
16/03/2020, 20:06:17 ; -23.4627517 ; -47.4705483
16/03/2020, 20:06:18 ; -23.462745 ; -47.4705433
16/03/2020, 20:06:20 ; -23.462725 ; -47.4705183
16/03/2020, 20:06:21 ; -23.4627167 ; -47.4705117
16/03/2020, 20:06:22 ; -23.4627083 ; -47.4704983
16/03/2020, 20:06:23 ; -23.4626967 ; -47.4704883
16/03/2020, 20:06:24 ; -23.4626883 ; -47.47048
16/03/2020, 20:06:25 ; -23.4626767 ; -47.4704667
16/03/2020, 20:06:26 ; -23.462665 ; -47.470455
16/03/2020, 20:06:27 ; -23.462655 ; -47.4704433
16/03/2020, 20:06:28 ; -23.4626483 ; -47.4704317
16/03/2020, 20:06:29 ; -23.4626383 ; -47.4704233
16/03/2020, 20:06:30 ; -23.46263 ; -47.4704117
16/03/2020, 20:06:31 ; -23.4626183 ; -47.4704033
16/03/2020, 20:06:32 ; -23.4626083 ; -47.4703933
16/03/2020, 20:06:33 ; -23.4625967 ; -47.4703883
16/03/2020, 20:06:33 ; -23.46259 ; -47.47038
16/03/2020, 20:06:35 ; -23.46258 ; -47.4703733
16/03/2020, 20:06:36 ; -23.46257 ; -47.4703633
16/03/2020, 20:06:36 ; -23.4625583 ; -47.4703517
16/03/2020, 20:06:38 ; -23.4625533 ; -47.4703383
16/03/2020, 20:06:39 ; -23.4625467 ; -47.4703317
16/03/2020, 20:06:40 ; -23.46254 ; -47.47032
16/03/2020, 20:06:41 ; -23.46253 ; -47.470315
16/03/2020, 20:06:42 ; -23.4625233 ; -47.4703067
16/03/2020, 20:06:43 ; -23.4625133 ; -47.4702933
16/03/2020, 20:06:44 ; -23.4625067 ; -47.470285
16/03/2020, 20:06:45 ; -23.4624983 ; -47.470275
16/03/2020, 20:06:46 ; -23.46249 ; -47.470265
16/03/2020, 20:06:47 ; -23.4624767 ; -47.47026
16/03/2020, 20:06:48 ; -23.462465 ; -47.4702567
16/03/2020, 20:06:49 ; -23.4624567 ; -47.4702467
16/03/2020, 20:06:50 ; -23.462445 ; -47.47024
16/03/2020, 20:06:51 ; -23.462435 ; -47.4702383
16/03/2020, 20:06:52 ; -23.462425 ; -47.47024
16/03/2020, 20:06:53 ; -23.4624217 ; -47.4702417
16/03/2020, 20:06:54 ; -23.4624117 ; -47.4702467
16/03/2020, 20:06:55 ; -23.462405 ; -47.47025
16/03/2020, 20:06:56 ; -23.462395 ; -47.47025
16/03/2020, 20:06:56 ; -23.4623817 ; -47.4702483
16/03/2020, 20:06:58 ; -23.4623617 ; -47.4702483
16/03/2020, 20:06:59 ; -23.462355 ; -47.4702433
16/03/2020, 20:07:00 ; -23.4623567 ; -47.4702383
16/03/2020, 20:07:01 ; -23.4623567 ; -47.4702383
16/03/2020, 20:07:02 ; -23.4623567 ; -47.4702367
16/03/2020, 20:07:03 ; -23.4623567 ; -47.4702367
16/03/2020, 20:07:04 ; -23.4623567 ; -47.4702367
16/03/2020, 20:07:05 ; -23.4623567 ; -47.4702367
16/03/2020, 20:07:06 ; -23.4623567 ; -47.4702367
16/03/2020, 20:07:07 ; -23.4623567 ; -47.4702367
16/03/2020, 20:07:08 ; -23.46235 ; -47.47023
16/03/2020, 20:07:09 ; -23.4623467 ; -47.4702317
16/03/2020, 20:07:09 ; -23.4623467 ; -47.4702317
16/03/2020, 20:07:10 ; -23.4623433 ; -47.4702333
16/03/2020, 20:07:11 ; -23.46234 ; -47.4702333
16/03/2020, 20:07:12 ; -23.46234 ; -47.4702333
16/03/2020, 20:07:13 ; -23.46234 ; -47.4702333
16/03/2020, 20:07:14 ; -23.46234 ; -47.4702333
16/03/2020, 20:07:15 ; -23.462325 ; -47.4702317
16/03/2020, 20:07:16 ; -23.4623217 ; -47.47023
16/03/2020, 20:07:17 ; -23.46232 ; -47.4702267
16/03/2020, 20:07:18 ; -23.4623167 ; -47.470225
16/03/2020, 20:07:18 ; -23.4623117 ; -47.4702267
16/03/2020, 20:07:20 ; -23.4623017 ; -47.4702317
16/03/2020, 20:07:20 ; -23.4622967 ; -47.4702417
16/03/2020, 20:07:22 ; -23.462285 ; -47.4702533
16/03/2020, 20:07:23 ; -23.462275 ; -47.47026
16/03/2020, 20:07:24 ; -23.4622733 ; -47.4702633
16/03/2020, 20:07:25 ; -23.4622717 ; -47.4702717
16/03/2020, 20:07:26 ; -23.4622683 ; -47.470275
16/03/2020, 20:07:28 ; -23.46226 ; -47.4702717
16/03/2020, 20:07:29 ; -23.4622567 ; -47.47027
