,utmx,utmy,orix,oriy,goalx,goaly,angle
0,126.75767514642212,205.80758680589497,0.0,0.0,0.0,0.0,90.0
1,126.75767514642212,205.80758680589497,0.0,0.0,0.0,0.0,90.0
2,125.93476728178211,204.31968338042498,0.0,0.0,0.0,0.0,90.0
3,125.76427129964577,204.12837839592248,0.0,0.0,0.0,0.0,90.0
4,125.77055041203857,203.76281429175287,0.0,0.0,0.0,0.0,90.0
5,125.78957803023513,202.65504428045824,-0.2935550730318322,-0.9559421630502944,-0.010167236733796645,-0.9999483123127908,16.488363646296676
6,125.79281272611115,202.4667233787477,-0.2774664218505971,-0.9607353354308493,-0.010233700037346267,-0.9999476343206906,15.522692822682727
7,126.30682965222513,202.29825689317659,0.18101859308696275,-0.983479673891035,-0.016903911979220445,-0.9998571186723625,11.397664529866294
8,126.47428120509721,202.66680507501587,0.4369551827337066,-0.8994832784894633,-0.018978708704015294,-0.9998198880878136,26.99723579246763
9,126.82103684093454,202.1187126901932,0.5384213734638373,-0.8426757529425628,-0.023606843141412193,-0.9997213196470788,33.92893756430218
10,126.64730619065813,202.11572861485183,0.8465599424891052,-0.5322934000838664,-0.021356609154851446,-0.999771921612828,59.0631946144852
11,126.30682965222513,202.29825689317659,0.950264372845996,-0.31144441189336786,-0.016903911979220445,-0.9998571186723625,72.82226991166475
12,125.9760571862862,201.91582245845348,-0.6541727058175103,-0.7563452062143298,-0.012688918548889861,-0.9999194924322956,40.12990886824262
13,125.96958779791021,202.29246426187456,-0.8031811297367026,-0.5957349014745352,-0.012543415816984487,-0.9999213282652001,52.7162570588747
14,125.96007399316295,202.84634926728904,-0.763766917961154,0.6454921339785016,-0.012331997534608598,-0.9999239580272123,129.4959946959706
15,125.78006422019098,203.20892928680405,-0.6214918169337315,0.7834206542365405,-0.00997361079750541,-0.9999502623069109,141.00338784403533
16,125.42702940161689,204.1225857567042,-0.4343845607345968,0.9007275133998136,-0.005396982143039422,-0.9999854361858216,153.94463521168797
17,125.06054039197625,205.22438758797944,-0.2666893557681825,0.9637825416140052,-0.0007546380416007973,-0.9999997152606726,164.48940363066131
18,124.71682905722992,205.59523673867807,-0.35465002029798165,0.9349991246534091,0.0035134730837997523,-0.9999938277343963,159.42931113017318
19,124.3733079819358,205.95500818407163,-0.4546330040609442,0.890678859981824,0.007741006457171882,-0.9999700379606532,153.40220787685777
20,124.88104591832962,206.15210584038869,-0.29213364085402616,0.9563775069925949,0.0014658147517593286,-0.9999989256929797,163.09824777930504
21,124.69475695499568,206.88024995522574,-0.25664662396080107,0.9665053080089748,0.0037278943842082527,-0.9999930513775884,165.34241582200525
22,124.69475695499568,206.88024995522574,-0.21570188052048744,0.9764592662983568,0.0037278943842082527,-0.9999930513775884,167.75688476996913
23,123.84654231974855,206.86568052694201,-0.5651419396167625,0.8249936897250811,0.014088238183547997,-0.9999007558477411,146.39507486341148
24,123.6728116106533,206.86269642179832,-0.6109563952139938,0.7916642490015086,0.016210240585594015,-0.9998686054178105,143.27013031482926
25,124.00358414920629,207.24513090075925,-0.6260173756125315,0.7798091083279283,0.012114306609826632,-0.999926619095303,141.93721648151785
26,123.48005314506008,207.96748233260587,-0.7451217728801803,0.6669284396244449,0.018316716599546097,-0.9998322348739371,132.87996988564308
27,123.48005314506008,207.96748233260587,-0.7451217728801803,0.6669284396244449,0.018316716599546097,-0.9998322348739371,132.87996988564308
28,123.48005314506008,207.96748233260587,-0.31562460922841773,0.9488841373157255,0.018316716599546097,-0.9998322348739371,162.65100425527143
29,122.09536840592045,209.42854784801602,-0.5237259716936776,0.8518867921112014,0.03438308768025363,-0.9994087268388103,150.38787834410317
30,122.09536840592045,209.42854784801602,-0.6580603258970933,0.7529652100065523,0.03438308768025363,-0.9994087268388103,140.81828471327447
31,121.77087505464442,208.68054921738803,-0.9229025020295091,0.3850337280650515,0.038560016994025705,-0.9992562859894455,114.85570825499396
32,121.93762106882059,208.49503690283746,-0.9461864449225736,0.32362201940656227,0.0366527319298587,-0.9993280628712866,110.98262867969146
33,121.60342352493899,208.31200098013505,-0.9835628469408313,0.18056612671718592,0.040735514163118776,-0.9991699644634372,102.73735582587936
34,121.92810713750077,209.04892191616818,-0.40319470291659654,-0.9151142177564489,0.03652448000925556,-0.9993327585744668,25.87121143100139
35,121.92810713750077,209.04892191616818,-0.40319470291659654,-0.9151142177564489,0.03652448000925556,-0.9993327585744668,25.87121143100139
36,121.92810713750077,209.04892191616818,0.39256484637509637,0.9197243290195694,0.03652448000925556,-0.9993327585744668,154.7926498161786
37,121.59714432118926,208.67756508896127,-0.8813399343912387,0.47248271931071417,0.04063270040909991,-0.9991741508152941,120.52429961375617
38,121.43292753960122,208.12069594394416,-0.6653378485729504,-0.7465423948151355,0.04287490993962017,-0.9990804482611345,44.16555407369907
39,121.78362373303389,207.93834329908714,-0.12901022273572463,-0.9916432636939954,0.03875120103862624,-0.9992488901260107,9.633236957914244
40,121.78362373303389,207.93834329908714,-0.12901022273572463,-0.9916432636939954,0.03875120103862624,-0.9992488901260107,9.633236957914244
41,121.95017946118605,207.76390868518502,0.017174195381186246,-0.9998525126302423,0.036824650064888845,-0.99932174255722,1.1263168869819216
42,121.78990293410607,207.57277918979526,0.17187943650672746,-0.98511799258065,0.038846627999506556,-0.9992451848735964,7.670803464677464
43,121.61940695624799,207.38147415593266,0.2446016303298396,-0.9696236602104883,0.041001333247020905,-0.9991590917726599,11.808430490158322
44,121.95017946118605,207.76390868518502,0.6905841281289987,-0.7232520736066441,0.036824650064888845,-0.99932174255722,41.5659912947516
45,121.95017946118605,207.76390868518502,0.6905841281289987,-0.7232520736066441,0.036824650064888845,-0.99932174255722,41.5659912947516
46,121.95017946118605,207.76390868518502,,,0.036824650064888845,-0.99932174255722,
47,121.95017946118605,207.76390868518502,0.6425519391349103,0.7662421324320181,0.036824650064888845,-0.99932174255722,137.907250368306
48,121.95017946118605,207.76390868518502,0.6541726574398202,0.756345248056814,0.036824650064888845,-0.99932174255722,137.03267962822045
49,121.95017946118605,207.76390868518502,,,0.036824650064888845,-0.99932174255722,
50,121.95017946118605,207.76390868518502,,,0.036824650064888845,-0.99932174255722,
51,122.11439625485218,208.32077782275155,0.28285070491363495,0.9591639477846632,0.034611712327630995,-0.9994008351856374,161.586081179825
52,122.44535907311365,208.6921346373856,0.47068130670952124,0.882303296783038,0.030510055098610215,-0.9995344599051499,150.17310057139957
53,121.92810713750077,209.04892191616818,-0.017174195381186246,0.9998525126302423,0.03652448000925556,-0.9993327585744668,178.89089316826792
54,121.41713438046281,209.04014506889507,-0.38540376101019136,0.9227480376566505,0.04259409620906296,-0.9990924596693406,159.77239196133146
55,121.08940632568556,208.4804673246108,-0.7685515245753679,0.6397878977230483,0.04679310198375368,-0.9989046028559174,132.45803200545294
56,121.94713500206126,207.94115188904107,-0.4031946697102671,-0.9151142323869892,0.03678269492504679,-0.9993232877072619,25.88601392506618
57,123.17135283036623,206.30003461660817,0.29041587065999475,-0.9569005288266891,0.022486888016822117,-0.9997471379640549,15.594342843396628
58,124.02908129958087,205.76071907766163,0.5384216532128784,-0.8426755741989387,0.012021296423315286,-0.9999277416055136,31.8874723068218
59,125.59358504455304,203.94815110694617,0.6341717959530975,-0.7731921709495144,-0.007518456849781914,-0.9999717360038723,39.789365057685345
60,126.10455760927289,203.9569278252311,0.7425645898115328,-0.6697744620079433,-0.01398800046101632,-0.9999021631355253,48.75181946897176
61,126.79249552660622,203.78036769945174,0.7586669076780146,-0.6514787204462468,-0.022747186506281117,-0.9997412492770558,50.650246149088375
62,127.30346808218746,203.7891443753615,0.8545942372348897,-0.5192963409123128,-0.0292233695814971,-0.9995729061305649,60.38955088749386
63,127.6374752977863,203.9832578729838,0.8970700615709998,-0.44188833955310747,-0.033374237745060265,-0.9994429249611687,65.6881312976541
64,127.6374752977863,203.9832578729838,0.9998525175224868,0.01717391056064902,-0.033374237745060265,-0.9994429249611687,92.89659909618305
65,127.6374752977863,203.9832578729838,0.9998525178221039,0.017173893117152363,-0.033374237745060265,-0.9994429249611687,92.8965980965969
66,127.6374752977863,203.9832578729838,0.9723624808522047,0.23347634961799887,-0.033374237745060265,-0.9994429249611687,105.41438393396818
67,127.6374752977863,203.9832578729838,0.8645934935198559,0.502471980276643,-0.033374237745060265,-0.9994429249611687,122.07623823060345
68,127.6374752977863,203.9832578729838,,,-0.033374237745060265,-0.9994429249611687,
69,127.6374752977863,203.9832578729838,,,-0.033374237745060265,-0.9994429249611687,
70,127.6374752977863,203.9832578729838,,,-0.033374237745060265,-0.9994429249611687,
71,127.6374752977863,203.9832578729838,,,-0.033374237745060265,-0.9994429249611687,
72,127.6374752977863,203.9832578729838,,,-0.033374237745060265,-0.9994429249611687,
73,127.6374752977863,203.9832578729838,,,-0.033374237745060265,-0.9994429249611687,
74,127.6374752977863,203.9832578729838,,,-0.033374237745060265,-0.9994429249611687,
75,127.6374752977863,203.9832578729838,,,-0.033374237745060265,-0.9994429249611687,
76,129.230709729949,200.49795688176528,0.4157498270436345,-0.9094790164226924,-0.05594962949534427,-0.9984335926636952,27.773898025029016
77,129.2402234210167,199.94407188380137,0.3688249510497756,-0.9294988733092314,-0.056488162682726176,-0.9984032689633633,24.88142425326962
78,129.24973711400526,199.39018688583747,0.33120805902962486,-0.9435577468463859,-0.057034664970103434,-0.9983721986272195,22.611736038646317
79,129.25925080885645,198.83630188787356,0.3005282287142684,-0.9537729204301537,-0.05758931405906498,-0.9983403582477302,20.790783769713393
80,130.27491654566256,199.21941918088123,0.4843603390533107,-0.8748685969630879,-0.07089309626866104,-0.9974839191192219,33.03585737716183
81,130.45492616621777,198.85683912038803,0.5979280774625281,-0.801549757770511,-0.07365747657533543,-0.9972835986541411,40.94573880244292
82,130.64444942507544,197.9403740633279,0.5739114282136483,-0.8189173783513025,-0.07715376504008684,-0.9970192057027483,39.448417078794634
83,131.1554217658413,197.949150624685,0.797628574495655,-0.6031489510461154,-0.08408082863936475,-0.9964589375660785,57.72741189561789
84,131.81087805065908,199.068505641073,0.9958848395512934,0.09062773500366461,-0.09156745699921225,-0.9957988756866003,100.45350940548443
85,132.82977846160065,199.2633018544875,0.999852522686623,0.017173609905785793,-0.10485151685256563,-0.9944878880176049,97.00263562191887
86,134.01594031363493,199.8377237766981,0.9640941605792939,0.2655606325058493,-0.1196083447625688,-0.9928211540167536,112.26976791582689
87,135.02837162962533,200.40916161704808,0.8713349722678015,0.4906886651463121,-0.13182553874755615,-0.9912729328161426,126.96095156444144
88,136.04080302029615,200.9805993787013,0.8497069355088068,0.5272552737984063,-0.14380055717975873,-0.9896066894250417,130.0880199119624
89,137.22373056586366,201.74334190925583,0.8965102489940919,0.4430229942661567,-0.15729781428835463,-0.9875512126568962,125.34700607245446
90,138.05615267364192,202.67735964478925,0.8372033631726111,0.5468916974067801,-0.16575669884308417,-0.9861666779954812,132.69522609730532
91,139.2328016749234,203.8056660676375,0.7959322559529036,0.6053856984879321,-0.17773091332581942,-0.9840791240791414,137.49422128863134
92,140.0555205026758,205.30464632809162,0.7164263663629873,0.6976627133364134,-0.18426960907021794,-0.9828757353669431,144.85833466344937
93,140.8816642734746,206.60422793915495,0.652390967898215,0.7578825931533394,-0.19103395579625018,-0.981583428819393,150.29101670528485
94,141.351349584962,209.01686484040692,0.49355155343157137,0.8697165423891181,-0.1910355584193567,-0.9815831169184831,161.43894095837697
95,142.18752290404518,210.32769956532866,0.47516553748209267,0.8798964211708977,-0.19746348305811892,-0.9803102431672108,163.018540774186
96,143.1936765901919,211.26470080949366,0.4689947885188849,0.8832009331642072,-0.20636549074738447,-0.9784749788464655,163.9403794157367
97,144.1965959596855,212.39002285525203,0.504592633069184,0.8633575589825502,-0.21455038812617996,-0.9767129214640837,162.08483673634646
98,145.70725389549625,213.712441702839,0.5616734612113301,0.8273590048889808,-0.22730961083749102,-0.973822540723364,158.96712094019983
99,146.71340803886415,214.64944266015664,0.6894999777069017,0.7242857038090577,-0.23539738198674576,-0.9718992090509109,150.02450743730404
100,148.0630829501897,215.22667158208787,0.768049475234435,0.6403905086680385,-0.24765023555034327,-0.9688495037062564,144.1594535955625
101,148.5487515295681,216.70878140861169,0.7012550538813511,0.7129104778342533,-0.24870909529151916,-0.9685782291169228,149.8733521665872
102,149.73168098149472,217.4715227438137,0.7366453410962097,0.6762792629093761,-0.25837075729287823,-0.9660458331652306,147.5269818573452
103,150.90762544202153,218.04576758109033,0.7682443158599919,0.6401567551379999,-0.26823570249839457,-0.9633533141611093,145.3628171341498
104,152.2642859313055,218.81149246031418,0.8000766931463592,0.5998977288538329,-0.27908104248169224,-0.9602675521579036,143.06793948306586
105,153.44023058289895,219.3857370764017,0.7910004455451639,0.6118155728218694,-0.28850644800445774,-0.9574779524667142,144.4894571460211
106,154.93509906879626,221.6276037786156,0.7922493018739877,0.6101975448001893,-0.2959232775851971,-0.955211711498155,144.81669749957575
107,156.1117509168398,222.7559085697867,0.7701376541583075,0.6378777262513086,-0.3032709130759044,-0.9529043778271288,147.2879164140513
108,157.44563608735916,224.2525854660198,0.7252371380053437,0.6884991602448169,-0.3107187445170527,-0.95050189994852,151.61397220833646
109,158.6255225840141,225.19256914872676,0.7060049460551268,0.7082069020743146,-0.3181687267532364,-0.9480341034563179,153.64142393218268
110,159.6314880824939,226.1406467622146,0.6756805622139722,0.737194531888436,-0.32394508814834133,-0.9460758848340673,156.3946536353654
111,160.64087817355176,226.88932573143393,0.7351341295189748,0.6779216854595956,-0.3301821724812318,-0.9439172278200956,151.9612819000496
112,161.81753088132245,228.01762998104095,0.7351342151986769,0.6779215925490389,-0.33654327611156104,-0.9416680005735024,152.34785279150282
113,162.64348772272933,229.32828774116933,0.7154634920015653,0.6986501210283484,-0.33940025509458654,-0.9406420503261214,154.15914169353883
114,163.82014078521752,230.45659179566428,0.702398893569128,0.711783530515328,-0.3454523626028355,-0.9384362872204586,155.58962627063562
115,164.99285262194462,231.21915621170774,0.725998520893838,0.6876962611938207,-0.3523642101486952,-0.9358629511879858,154.08001262785965
116,166.0022433262493,231.96783475205302,0.7259985891613392,0.6876961891240528,-0.3579200794632002,-0.9337522244777018,154.42053362214855
117,166.66468927674578,233.2756841527298,0.6777944773892316,0.735251417149711,-0.3591307171751053,-0.9332872698056556,158.37528478539903
118,167.83810885439743,234.5923086795956,0.7023992098216711,0.7117832184323342,-0.36406149620855854,-0.9313749121478342,156.73002570251288
119,168.84103173960466,235.71762869646773,0.6904032252735385,0.7234247621777234,-0.3681595543533758,-0.9297626269851482,157.9401208082657
120,169.49649275362026,236.83698156895116,0.6254890670134763,0.7802329312754052,-0.36968329902413843,-0.9291578221285282,162.9779941635208
121,170.16217334891553,237.9565099044703,0.5705001548706647,0.8212974937819716,-0.3712458912869444,-0.9285345918179689,167.00736471797686
122,170.16217334891553,237.9565099044703,0.5985603298143051,0.8010777312924073,-0.3712458912869444,-0.9285345918179689,165.02561686191027
123,170.99136561815976,239.07884621014819,0.5750132319069149,0.8181441090247881,-0.37391120774334763,-0.9274645053714515,166.85647596793808
124,172.3227273747907,241.31790265860036,0.527982712490549,0.8492551179187101,-0.3768457551477726,-0.9262760262616674,170.2691819038125
125,173.15515404968755,242.2519179568626,0.5598490584878946,0.828594612407188,-0.3799061381513464,-0.925025040847506,168.28250898659246
126,173.98434681154322,243.37425404554233,0.5764701196233516,0.8171182296225185,-0.3823644346849059,-0.9240116011653168,167.27756758348636
127,174.82375918442267,244.49676557257771,0.5804113491226538,0.8143234405379849,-0.38483545500505423,-0.9229851962903051,167.15404554261505
128,175.82991731713992,245.43376414384693,0.6057825230532271,0.7956302751675972,-0.3888428708401373,-0.9213040875828132,165.59734590086333
129,177.8388097685238,247.50715958233923,0.6653416732413916,0.746538986154337,-0.39604424666536897,-0.9182314276277307,161.62257400614905
130,178.6744711137435,248.25285365525633,0.6769539748799175,0.7360253500350922,-0.39926577493172066,-0.916835231090174,160.92621453947095
131,179.68043951891013,249.200929609593,0.6990485398376101,0.7150742191905015,-0.40293635156270907,-0.9152280025159484,159.41115482391038
132,180.87611860161996,249.22146236011758,0.7882586699160964,0.6153440251616219,-0.4102209569242318,-0.9119861657394631,152.1956377477654
133,182.92952591812355,248.70267603406683,0.9083402033642425,0.4182320826433652,-0.424097108513064,-0.9056167194519203,139.81654839625665
134,184.62291574454866,248.90905071329325,0.979309566055063,0.20236791700525109,-0.4335971834426693,-0.9011068097126911,127.37152666377833
135,186.13985851040343,249.8659007032402,0.9774436555832807,0.21119635451397584,-0.43975751675698066,-0.8981165439160632,128.28088166370904
136,187.1522951477382,250.43733442248777,0.9865839217995079,0.16325490879818122,-0.4439740436579911,-0.8960396467556401,125.75359059577708
137,188.33541941994918,251.18899449752644,0.9669289575079956,0.2550458608417334,-0.44857815503166987,-0.8937436091119103,131.42879902580884
138,189.5215873941197,251.76341132819653,0.9070018560170017,0.4211266236913956,-0.45361317524531075,-0.8911986800056803,141.88147533425945
139,193.0571275172988,254.2286913273856,0.8458160938755809,0.5334745873432536,-0.46597174760219673,-0.884799599025991,150.0136507402129
140,194.41004135328694,254.61759464535862,0.8670721277360587,0.498182622442076,-0.472073670692323,-0.8815591015009012,148.04882332365037
141,195.58974234902416,255.56865258794278,0.8544017430783564,0.5196129919706267,-0.47558008046580114,-0.8796724316836024,149.70342107335236
142,196.7626479397295,256.32013641949743,0.8541299200460846,0.5200596885762913,-0.4795394262529893,-0.8775203351882815,149.99158091306924
143,198.11608044369495,257.2741773184389,0.8418134681091999,0.5397685475367764,-0.4837732529742127,-0.8751933727507016,151.6000147715316
144,199.29526342477766,257.6600969750434,0.8761903508126223,0.4819652156980356,-0.48863145221457016,-0.8724902887176911,148.0645027232366
145,200.15370008043828,257.6748372553848,0.8827382215586898,0.46986512128418473,-0.49287005676339535,-0.8701029290526767,147.5549389015335
146,201.51289144225302,257.6981759299524,0.9410296226551279,0.3383241778022191,-0.49950815248757185,-0.8663091859136972,139.74227173756668
147,202.71484810611582,257.3531428980641,0.9852720157827408,0.17099431252358885,-0.5063425839318707,-0.862332411368839,130.26615220553185
148,204.25100424941047,257.1911436198279,0.999908419974047,-0.013533353797375212,-0.5141919161699936,-0.8576751560733412,120.16802909592484
149,205.95694904617267,256.66638785460964,0.9890567695327523,-0.14753544198407423,-0.5237758431165289,-0.8518561299700609,113.10174140015938
150,207.66683625185397,256.5073713073507,0.9881413081305785,-0.15354724082831656,-0.532194894864093,-0.8466218718416133,113.32132463091695
151,210.93798670367687,254.7240989007987,0.9536485629195347,-0.30092261204752657,-0.5522742330697105,-0.8336625045468119,106.01014942694124
152,210.93798670367687,254.7240989007987,0.9525034776880286,-0.30452770808616275,-0.5522742330697105,-0.8336625045468119,105.79342322979747
153,212.31943188927835,253.45134632196277,0.9072775788036496,-0.4205322758126747,-0.5621890171488613,-0.8270087720194976,99.33912160652604
154,213.36667731779744,251.99556000018492,0.8459525168088275,-0.5332582294768741,-0.5711600474835125,-0.8208387175070581,92.60529330809013
155,214.41411275469,250.5286959260702,0.7484496294389571,-0.6631916406233479,-0.580166833362199,-0.8144976644941828,83.91853555917159
156,215.4550810304936,249.43847340904176,0.6496761913646353,-0.7602110538356713,-0.5879776982684473,-0.8088771392114742,76.5308230245444
157,216.83005841236445,248.54236209206283,0.6899439146707298,-0.7238628285862099,-0.5965572833441377,-0.8025705001363196,80.2493964877918
158,218.21848854440032,247.4581053238362,0.7014846540901604,-0.7126845586064061,-0.6057022426432547,-0.7956913932278844,81.82563137373171
159,219.77043006388703,246.37665590224788,0.7516673335213865,-0.6595424320821585,-0.6154218953336775,-0.7881978753738835,86.71759695992051
160,220.81463106535375,245.0981122609228,0.7625184884759935,-0.6469664247333754,-0.6236472732440047,-0.7817058772807824,88.26969778926637
161,221.50166957854526,244.3785651549697,0.766904479542796,-0.6417612634439642,-0.6286545073137454,-0.7776847114570994,89.02764593962806
162,222.36961533638532,243.83941949531436,0.7623249570188558,-0.6471944529321921,-0.6337732061996323,-0.7735189222659251,88.9986466325556
163,222.89333235708182,243.10598720563576,0.7319191692952575,-0.6813914657655613,-0.6381496048732227,-0.7699123857947408,86.70150516686276
164,223.93429948500125,242.01576418522745,0.6905798804806293,-0.7232561293728245,-0.645641599549196,-0.7636405731308122,83.88982643467133
165,224.97526645974722,240.92554110335186,0.7060932584058868,-0.708118853324608,-0.653087467569444,-0.7572824834259211,85.69272475334643
166,226.01623328300775,239.8353179609403,0.7048640425856244,-0.7093424289226262,-0.660484739183183,-0.7508394697311288,86.15541354379093
167,227.06043330117245,238.55677395686507,0.6639789106377512,-0.7477512997168947,-0.6684555754007712,-0.7437520714025769,83.55201480511305
168,227.7474712121475,237.83722660969943,0.6775764204472613,-0.7354523740215109,-0.6732759277828105,-0.7393913206605794,84.9749538360459
169,228.77892783397692,237.30088800471276,0.7166384066712527,-0.6974449039771444,-0.678691611375204,-0.7344233769760663,88.51911929044202
170,229.650106210378,236.57342117698863,0.7319187328279501,-0.6813919345982368,-0.6841151544376113,-0.7293740161733232,90.21354902768888
171,230.33733409643173,235.84279603371397,0.734480297738025,-0.6786300112982495,-0.6888755290645847,-0.7248796489459394,90.80448320387116
172,231.54879779691692,234.94387616962194,0.7789852582126865,-0.6270422374029634,-0.695932230769663,-0.7181074642252095,95.26931084687492
173,232.58976371531026,233.85365263791755,0.7722585423508609,-0.6353083847755543,-0.7029657522449824,-0.7112236998094523,95.22257313358737
174,233.80122710950673,232.95473261596635,0.7561735353367941,-0.6543711366313876,-0.7098628238246667,-0.7043399543911095,94.35177200583088
175,235.6873651589558,232.05631493078545,0.8006894141838328,-0.599079679186292,-0.7187984173702188,-0.6952185521014732,99.151351535304
176,237.06557284170412,230.97188117541373,0.8100140620235559,-0.5864104529458006,-0.7265852322520169,-0.6870763423909185,100.69818604253562
177,237.946069700527,229.70160693954676,0.7734748656683909,-0.6338269733762242,-0.7333659258563147,-0.6798341112307548,97.83628125784686
178,238.99026798221166,228.42306223604828,0.7625173922494131,-0.6469677167503451,-0.74060088532041,-0.6719451827810249,97.46925802866993
179,239.85750206562807,227.32985555334017,0.7327215068452974,-0.6805286132164885,-0.7466525370916786,-0.6652142428229868,95.41627181663941
180,241.26423708934453,224.5837674587965,0.5981081066850544,-0.8014154307958011,-0.7594866729463345,-0.6505228617173323,86.15348557767015
181,241.1260206939478,223.1076269876212,0.45877477616041623,-0.8885525897542361,-0.7638818598889898,-0.6453561064501813,77.11569390955304
182,240.46680226290482,221.61146069969982,0.29747519812064255,-0.9547295462606593,-0.7669486344805224,-0.6417084946207757,67.38668467336181
183,238.80446721811313,219.00105726299807,-0.019716042250830294,-0.9998056199471793,-0.7709994350803718,-0.6368358274357274,49.31400306083918
184,237.6475390723499,217.31905040610582,-0.21556751767512733,-0.9764889376349246,-0.7734425895304535,-0.6338663587069645,38.21522052681776
185,237.15558550530113,216.20250823814422,-0.44017373075759214,-0.8979126275707136,-0.7758563085678801,-0.6309096515789107,24.7677667230554
186,236.48666807741392,215.27130407933146,-0.5094452213139559,-0.8605030891753814,-0.7771760297722758,-0.6292832579589281,20.375854340894332
187,235.1687527768372,212.84410871192813,-0.5171948525471912,-0.8558676793165454,-0.7818748632061374,-0.6234354002512078,20.28828293670574
188,234.16582709137583,211.71879351045936,-0.5372441185998054,-0.8434267941142956,-0.7830120391448977,-0.6220065486424955,19.040957813501628
189,233.15966825422947,210.7817990235053,-0.5659729616964381,-0.824423802803244,-0.7834977031890298,-0.621394680615722,17.11206406087545
190,232.48770822686492,210.0278377351351,-0.603044484410495,-0.7977075590854585,-0.7842822504126585,-0.6204041841313258,14.566088475235649
191,231.31428566249087,208.71121868118644,-0.6191550798919225,-0.7852687355574696,-0.7856768362447414,-0.6186371383844118,13.528860589204776
192,229.96460894681513,208.13399763870984,-0.7414223636118237,-0.671038656663129,-0.7839112715839103,-0.6208728680524678,3.767375539783965
193,228.79099655995378,206.82845603954047,-0.7396572629848779,-0.6729837541231729,-0.785294006233274,-0.6191230279791687,4.045650607809338
194,227.4508300643938,205.69735002005473,-0.7467642307775545,-0.6650888539369814,-0.7855717530600476,-0.618770572016934,3.462731776609753
195,226.26789828794426,204.9346152083017,-0.7736958710304803,-0.6335571790694083,-0.7849345042329314,-0.619578747266723,1.0276762051665074
196,225.25869719602633,204.17486319784075,-0.8003383764315436,-0.599548566182024,-0.7847942065218501,-0.6197564468480662,1.4607781958617994
197,223.90255422366317,203.9742831545882,-0.8245462955866413,-0.5657944913432326,-0.7814379809731679,-0.6239829179493449,4.15009480137459
198,222.72589945083018,202.84598410129547,-0.8359055148735346,-0.5488733644512284,-0.7821739982187196,-0.6230600585100463,5.2501867859913425
199,221.89366268308368,201.9008939564228,-0.8257098109860385,-0.5640951232207212,-0.783284330256997,-0.6216636212404967,4.098244324316767
200,220.88427180831786,201.15221929783002,-0.8182412389355593,-0.5748750080714945,-0.7830757387558466,-0.6219263520482029,3.3660643658853844
201,220.2123128522653,200.39825734402984,-0.8006226857612575,-0.599168853533318,-0.7839582905959251,-0.620813497441796,1.565170404120171
202,219.2156659665343,198.9073769915849,-0.6790419860171182,-0.7340994355166934,-0.7868017625640097,-0.6172057893654008,9.11880196959025
203,218.20969915602473,197.95930360583588,-0.6787196469892861,-0.7343974678542533,-0.7874534061789634,-0.6163741826984227,9.204488574613302
204,217.20677579985932,196.83398701716214,-0.6790418226849829,-0.7340995865988866,-0.7888643663009959,-0.6145673368968839,9.310698069992
205,216.2006190539105,195.89699116162956,-0.6653424259211476,-0.746538315339114,-0.789506675903683,-0.6137419724147247,10.430832726924198
206,215.19446243610582,194.9599952250719,-0.6781280326571759,-0.734943787867146,-0.7901635032345601,-0.6128961071471145,9.503260216672691
207,214.35899304435588,194.20322537980974,-0.7182956753974311,-0.695737969860312,-0.7906291777709448,-0.6122952745671323,6.330401138572738
208,213.3528366595856,193.26622929424047,-0.7191284067635916,-0.6948772082790301,-0.7913128083607048,-0.6114115138957511,6.3257983707776155
209,212.3563812043867,191.76427066186443,-0.6913045641319083,-0.7225634917503045,-0.7945231177684903,-0.6072339049587383,8.876770759455665
210,211.17972831157385,190.63597049890086,-0.6904043252147134,-0.7234237124430027,-0.7955419562239565,-0.6058985029585073,9.044351540514926
211,210.01329503697343,189.5078457002528,-0.6888630402024274,-0.7248915172928077,-0.7966235802251543,-0.6044756996184852,9.268701050035109
212,209.0166499876068,188.01696447608992,-0.6535962675606168,-0.7568433913504369,-0.7999795378951631,-0.6000272818372856,12.31485137682755
213,207.65999015624402,187.25124481506646,-0.6873907697101174,-0.7262877733497461,-0.798809772268958,-0.6015836996857673,9.592674891426027
214,206.83384219859727,185.95166736654937,-0.688786558278486,-0.7249641902431305,-0.8019887802881095,-0.5973390965707756,9.78630772818324
215,206.0078846133838,184.64101216150448,-0.6532131835971614,-0.7571740465539354,-0.8052884335986557,-0.5928832420571724,12.853817592274853
216,205.16524034331087,183.70682307332754,-0.6412664290882237,-0.7673182957055292,-0.8067936657369037,-0.5908332936851218,13.897517553585654
217,203.64830391807482,182.749974463135,-0.7138131808148314,-0.700336164206171,-0.8060404814859728,-0.5918604077025774,8.16484091220645
218,201.29875302859,180.87018950656056,-0.7060061589181038,-0.7082056929802987,-0.8068194591839355,-0.5907980706486285,8.875450285933626
219,200.46651892570662,179.92509788647294,-0.726273308689371,-0.6874060525521969,-0.8085303652057503,-0.5884544574903451,7.37771622281505
220,200.46651892570662,179.92509788647294,-0.7615489964675393,-0.6481073414020889,-0.8085303652057503,-0.5884544574903451,4.351646699782679
221,199.62710906367283,178.80258758272976,-0.7486530249155962,-0.6629620262765642,-0.8111678785554168,-0.5848133657842512,5.736360658624861
222,198.62418848092784,177.67726945318282,-0.7036957777951799,-0.7105014090860318,-0.8132705074131864,-0.5818857978778122,9.692436789703155
223,197.79499832593137,176.55493450397626,-0.6303335997863927,-0.776324386439282,-0.8160677816208481,-0.5779562057807044,15.618339723457128
224,197.129319132393,175.4354072799906,-0.5965544822846391,-0.8025725821793976,-0.819526011757951,-0.5730419845457281,18.413846695719233
225,196.12944259223877,174.13284579338506,-0.5993707210678488,-0.8004715727161127,-0.8227905585440694,-0.568344698902645,18.540280803071074
226,193.96960336828488,171.32551619689912,-0.6033871549928782,-0.797448394060456,-0.8301244530559988,-0.5575781491759506,18.9986525894274
227,192.78990990415332,170.37445740681142,-0.6241749233474388,-0.7812846248738156,-0.8310237493480532,-0.5562369351450007,17.582391259595383
228,191.60679246252403,169.62279704911634,-0.6659437564595477,-0.7460019525661757,-0.8307916290808298,-0.5565835687919836,14.42537491895947
229,190.59759555364144,168.86304224422202,-0.7049103464378481,-0.7092964144029441,-0.831281477595201,-0.5558516933563656,11.40830111155027
230,189.25420150981518,167.92025295970961,-0.7419578138886569,-0.6704465693920474,-0.8315475114268035,-0.5554536310439334,8.359575156827137
231,188.0745086100651,166.96919373515993,-0.8042362280089412,-0.5943097589287513,-0.8325402446870589,-0.5539645665350919,2.824015732094926
232,187.58560451175435,165.67540619382635,-0.7422169678393117,-0.6701596620592873,-0.8384756729671212,-0.5449390294724109,9.058891573757636
233,186.58591975225136,164.3617662084289,-0.6904023285683953,-0.7234256179506898,-0.8426018551392459,-0.5385370123918142,13.753932527425746
234,186.10024987228098,162.87965774349868,-0.6008382242733558,-0.7993706451027837,-0.8499182479048341,-0.5269145774016668,21.272824033867717
235,185.44802566902945,161.57198447640985,-0.5142190443820869,-0.8576588916316168,-0.8555939802141534,-0.5176475065344205,27.880148129545965
236,184.61489584876108,160.08390908129513,-0.44897461154255375,-0.8935445138269348,-0.8618310698689382,-0.5071954327560151,32.84488606361742
237,183.44846709849662,158.9557817284949,-0.5242797666308248,-0.8515460799636905,-0.8646735338821367,-0.5023342311686286,28.225677831463436
238,182.44878321010037,157.64214137708768,-0.5242796658752822,-0.8515461419968401,-0.8694514396197109,-0.4940184147814857,28.77519233055793
239,181.27213540946832,156.51383831817657,-0.6042968775446476,-0.7967592382833031,-0.8724964810701018,-0.488620395112903,23.571792906531133
240,180.26921782860882,155.38851864123717,-0.6420789816328735,-0.7666384945626539,-0.8762798451087292,-0.48180248344754467,21.249789450134983
241,179.09257037795032,154.2602153737098,-0.6880822210100908,-0.7256327288165968,-0.8795637135907508,-0.4757811195649188,18.11128805198881
242,177.9133963791537,153.87429324444383,-0.7366452266668949,-0.6762793875528655,-0.877808797917338,-0.47901118389753494,13.93274019439261
243,176.90096714842366,153.30285818688571,-0.7876762720006129,-0.6160893527137249,-0.8779436412133927,-0.4787639949421525,9.42640965426269
244,175.89500623760978,152.35478132404387,-0.7910000341521495,-0.6118161047008313,-0.8808336676993642,-0.47342586520730573,9.464027655589001
245,175.22932993178256,151.23525282461196,-0.77172206188964,-0.6359599509346502,-0.8863774482691549,-0.4629633022172078,11.912728741497236
246,174.3969090153696,150.30123708909377,-0.7645310482511665,-0.6445869035746635,-0.8900405775666274,-0.4558813116205405,13.01305626506393
247,173.39399239287013,149.17591684823856,-0.6932469388474454,-0.7207001330502488,-0.8945830008718264,-0.44690183995051724,19.567232724748255
248,173.4162510294118,147.87982617411762,-0.5405908702338994,-0.8412856298664297,-0.904128943124597,-0.42725970346429726,31.98234967085518
249,172.7505751446297,146.76029752194881,-0.4899693095254514,-0.8717396834624155,-0.9099676945206372,-0.41467914696641833,36.16232313365656
250,172.2521609410469,146.02039416646585,-0.4957936352296238,-0.8684403671328244,-0.9136720327107476,-0.40645223168560723,36.29573932206408
251,171.24924480036134,144.89507373282686,-0.5031634657910977,-0.8641912558531768,-0.9186122459342306,-0.39516014680084915,36.51452277615816
252,170.23681644105818,144.3236381295137,-0.5453762520736757,-0.8381913526600419,-0.9196122770940882,-0.392827264605992,33.81908602533642
253,168.71341782150557,143.74342704052106,-0.7508793132766504,-0.660439442260368,-0.9190757030035673,-0.39408102231457237,18.12472367399874
254,167.88746624361374,142.43276910390705,-0.7470457472827564,-0.6647726314062186,-0.9263932271426144,-0.3765575503217168,19.544272944961833
255,167.21551279979758,141.6788041847758,-0.757435847679584,-0.6529095930141552,-0.9300439286751155,-0.36744835111149526,19.202997326510975
256,166.2125973449729,140.55348333902657,-0.7574357730615815,-0.6529096795779676,-0.9355900217151362,-0.35308824855419824,20.085017220787233
257,165.89742612445843,139.26267845835537,-0.6509145766011178,-0.7591509823270912,-0.9442279331322573,-0.3292925907043543,30.163563168741103
258,165.05174308319692,138.50572973303497,-0.57296725024023,-0.8195782635917999,-0.947576356213232,-0.3195294182789028,36.408130087795996
259,164.39628771081334,137.38637610478327,-0.5689369441351085,-0.8223811486155336,-0.9539612576392854,-0.29992985667197763,37.87048093938656
260,163.5601175155607,136.07554233679548,-0.5463825103013508,-0.8375357618853027,-0.9611387168937596,-0.27606587418190154,40.8552663626527
261,162.73397662860225,134.77596171572804,-0.5158152595299209,-0.8566998412723561,-0.9680400177891759,-0.25079578138145014,44.42342893663845
262,161.55428813939216,133.82489992817864,-0.6240740973889265,-0.7813651649313506,-0.9720734064397031,-0.23467699608762635,37.81315554247363
263,160.21717759838793,132.51654342282563,-0.6281126606228769,-0.7781224103990648,-0.9779727416992073,-0.20873264357386836,39.04089282137782
264,159.04376793111442,131.19991732994094,-0.6542966069885844,-0.7562380247535996,-0.9838182887185235,-0.17916912340846017,38.812296188397596
265,157.533118352585,129.87749906396493,-0.6971452134835544,-0.7169299486818564,-0.9889473589908527,-0.14826706021573877,37.27507604828077
266,156.53324863041053,128.5749342138879,-0.7070897042801376,-0.7071238576805535,-0.9936348783157952,-0.1126486954844789,38.53335979469276
267,155.36682459441363,127.44680416863412,-0.6962991324479872,-0.7177517106577875,-0.9967695631929827,-0.08031461817172893,41.26251789303752
268,154.19018134090584,126.31849849410355,-0.6971449450111515,-0.7169302097452712,-0.9989814279385891,-0.045123238290015036,43.21536173542874
269,152.18131057190476,124.24509772285819,-0.7023644003704892,-0.7118175672826593,-0.9996145575530242,0.027762138391548504,46.97384843063178
270,150.3397010694025,122.55132229300216,-0.7006120847630043,-0.7135423650239956,-0.9953633789814643,0.0961859853752184,51.04345209264462
271,149.493829534651,121.80545019637793,-0.7207915334733622,-0.6931519063474609,-0.9916019559211801,0.12932734054827727,51.31085401126778
272,148.66788102965802,120.49479087907821,-0.6938787805673725,-0.7200918260043895,-0.9823611315305862,0.18699360218452965,56.839448277787795
273,146.9930171984597,118.61550242546946,-0.6827085709164606,-0.7306907739921203,-0.9603529134412591,0.278787161908302,63.132167450629964
274,146.16060000821017,117.68148472392932,-0.675972613372948,-0.7369267439642473,-0.9450731233942392,0.32685897790615615,66.54851387263675
275,145.4916931554617,116.7502753851004,-0.6412612055505773,-0.7673226611118821,-0.9276463067857948,0.3734599436441278,72.04323105731403
276,144.83624035364483,115.63092063367367,-0.6022064575936451,-0.7983403925848381,-0.9042140428329951,0.427079576593883,78.25427748284413
277,143.82704956634552,114.87116201361641,-0.6523886415736558,-0.7578845956645907,-0.8806429463903185,0.47378054093955646,77.55804258417143
278,141.98473640251905,112.62332478445023,-0.6413021069632968,-0.7672884774349451,-0.8081893535503399,0.5889227188756463,86.19161527777355
279,140.9881039345346,111.13243771344423,-0.6198063662800314,-0.7847547822847234,-0.7554269827580004,0.6552328393183172,92.63531173044255
280,140.33912103585317,109.63644088758156,-0.5865975411669558,-0.8098785863923563,-0.7065437293189177,0.7076693850663006,99.12967576097826
281,139.50599910414894,108.14836216252297,-0.5801966925859756,-0.8144763949386715,-0.6523905553983171,0.7578829482361213,103.81353893376793
282,138.3395780431165,107.02023047255352,-0.5728890190938121,-0.8196329494363497,-0.5958396942724745,0.8031033923034344,108.47555227264944
283,136.82569816257455,105.88613055692986,-0.6079754285045061,-0.793955841552137,-0.526139182531459,0.8503984716620369,110.81177904442319
284,135.64905810297932,104.75782308354974,-0.6420893067433432,-0.7666298469051753,-0.4655848537459905,0.8850032451705047,112.30412980076396
285,134.469183501933,103.817836410366,-0.7102053625115017,-0.7039945618113158,-0.408112953568865,0.9129314416369378,110.6620248597286
286,133.29324923123932,103.24358929088339,-0.784884587891554,-0.6196419802517462,-0.3561863291669061,0.9344149500701519,107.42382540676245
287,132.11356517343665,102.29252470191568,-0.796412563559924,-0.6047536925095289,-0.2989441206651743,0.9542706181789974,109.81692425095734
288,129.93401595958858,100.03889290988445,-0.762522796524564,-0.646961347207357,-0.19391604247570163,0.9810181285127006,119.13148155447992
289,129.10160094691673,99.10487402789295,-0.7569186751763012,-0.6535090811682367,-0.1564424988045033,0.9876870681383871,121.80623099919607
290,127.91544786005397,98.53045088332146,-0.7782903003464179,-0.6279046172681666,-0.10948137592615272,0.993988847183567,122.61027759849219
291,126.90930364851374,97.59344767965376,-0.7488332481898188,-0.662758452534168,-0.0694975117063002,0.997582124873252,127.52546244782866
292,125.89688016506261,97.02200853917748,-0.7627661361771503,-0.6466744323857105,-0.03204017313987226,0.9994865818534869,128.4552541219952
293,125.23838526158943,96.07989589404315,-0.7645274708665252,-0.6445911466118927,-0.008242610834168784,0.9999660291063074,129.6627558052
294,124.23224138785736,95.14289247430861,-0.7756751275626963,-0.6311323921972275,0.02570593631599858,0.9996695478197372,130.60672179417233
295,123.2260976411344,94.20588897308335,-0.735121286069188,-0.677935612553274,0.057509906192708765,0.9983449357259774,135.9794283506091
296,122.38365430259728,93.26061639050022,-0.7223269241507235,-0.6915517440126624,0.08215350567011372,0.9966196874967455,138.46542880958535
297,122.38365430259728,93.26061639050022,-0.6825874735145706,-0.73080390051025,0.08215350567011372,0.9966196874967455,141.66619036212404
298,121.04350637664902,92.12949883565307,-0.7280028512660943,-0.6855741014277281,0.11950351743170587,0.992833777286737,140.1442237485823
299,120.21109238508507,91.19547934923321,-0.7136193352644037,-0.7005336853690839,0.14026422794767207,0.9901141077462958,142.53297361278698
300,119.71915272739716,90.0789318936877,-0.6475445829365262,-0.7620275671585384,0.1495223961131979,0.9887583390599383,148.2425209864129
301,119.05976342479698,88.59383596573025,-0.5801369989606255,-0.814518914720192,0.1610361268718118,0.9869485122548824,153.80686284246133
302,118.23381968197646,87.28317447146401,-0.5702876351334792,-0.8214450762003894,0.17657541443371472,0.9842871141174011,155.40006468030697
303,117.73864537314512,86.35494785103947,-0.49671866343128807,-0.8679116138173488,0.18466704568231165,0.9828011407395533,160.85857612483076
304,117.06669717415934,85.600980123505,-0.4899640340769938,-0.8717426485557527,0.19739592471684564,0.9803238489933729,162.0465032837057
305,116.55249372136313,85.7805236466229,-0.5931275130197731,-0.8051085351050372,0.21056166070483584,0.977580578285607,155.77600746854642
306,115.71703570141108,85.02374707348645,-0.6834806053341773,-0.7299686720209481,0.22619358247029067,0.9740823698482873,149.9568428114562
307,114.53716394136427,84.08375851903111,-0.7561295173612278,-0.654421999152746,0.24774192107238815,0.9688260631007831,145.21976823059688
308,113.18445796053857,83.68376844935119,-0.8625753722525586,-0.5059285791328257,0.2749557225415946,0.9614568896428115,136.3523884672092
309,112.33554582187207,83.11513704294339,-0.8852447161726528,-0.46512556636719005,0.2894227659488477,0.9572013699063111,134.5417498137428
310,111.33568346643005,81.81256839446723,-0.7959284454459372,-0.6053907083281124,0.30165687406938774,0.9534165565620756,144.81410822352
311,109.8122932893748,81.23235035734251,-0.8414706469633081,-0.5403028320295498,0.3278307302196644,0.9447364777140987,141.84141873469014
312,108.80310663202545,80.47258892375976,-0.8461771295478692,-0.5329017408773671,0.3418382672654401,0.9397587983269757,142.1906351201889
313,107.78440508211497,80.26671253563836,-0.8450296286132719,-0.5347194841837312,0.3591696197592214,0.9332722990864007,143.37409781469424
314,106.78149851050694,79.14138676133007,-0.8132779494739601,-0.581875396368871,0.3692068505515715,0.9293472448475809,147.24926644309016
315,105.95536612186697,77.84180211648345,-0.8046041125318849,-0.5938116048855713,0.3744626614658649,0.9272419938548411,148.4190663298865
316,105.29293401350151,76.53394861659035,-0.6932414341857115,-0.7207054279857602,0.3766679452772876,0.9263483464661586,158.24019224103782
317,104.29002790377126,75.40862262714654,-0.66533302370917,-0.7465466948302785,0.38535882265937144,0.9227668057524517,160.95813907960704
318,103.79181006495492,74.65763865178451,-0.579901888867884,-0.8146863195656721,0.38823435054074956,0.9215606811600646,167.4010377421148
319,101.62248872136115,72.40417738072574,-0.6079724530008015,-0.7939581200492807,0.4061615356376938,0.913801295122977,166.5208933756831
320,100.26888972011511,71.46120297722518,-0.665332748087908,-0.7465469404677729,0.41935025802561665,0.9078245210908598,163.08571537783942
321,93.9079408213147,65.06901383958757,-0.7046286214481093,-0.7095762861286566,0.4605124757249066,0.8876532316742374,162.62063282346543
322,90.8959926587122,61.88135375175625,-0.7035986907579808,-0.7105975530239711,0.4753640709122499,0.8797891793411269,163.66661199647
323,90.07309809082653,60.39344700938091,-0.693191232913377,-0.7207537128673236,0.4755638275474343,0.8796812183560784,164.51281060604128
324,88.42679627775215,56.85249486612156,-0.6469867261166363,-0.7625012630998564,0.4728804459496294,0.881126599211759,167.90663823890688
325,88.09907351699076,56.292815865483135,-0.6257951853924681,-0.7799874267830259,0.47315275072803514,0.8809804052749948,169.49856802957706
326,87.237412642251,56.46638892311603,-0.6127721648497646,-0.7902596244180345,0.48259660721131814,0.8758427454218736,171.0649087153084
327,86.39567730933777,56.075174601282924,-0.6126164420598471,-0.7903803482614772,0.4886652375461947,0.8724713666441558,171.47395905430218
328,85.2190451429924,54.94686231063679,-0.6653314395039304,-0.7465481066934855,0.49380328726572054,0.8695736389090739,167.8831111114607
329,83.87890356828575,53.81574073852971,-0.831642792249439,-0.555310963424599,0.5002084068891162,0.8659050465711887,153.7459248864469
330,83.87890356828575,53.81574073852971,-0.8624141019199058,-0.5062034342136394,0.5002084068891162,0.8659050465711887,150.425060684294
331,82.6958008610818,53.064070153515786,-0.8003289257955664,-0.5995611816444715,0.5069217190204327,0.861992094386816,157.2974797023606
332,81.86358191136969,52.11897032614797,-0.7533488080855204,-0.6576211472847615,0.509344919595852,0.8605624630913756,161.73890433332585
333,80.69323105821968,50.62509336322546,-0.7232219483517205,-0.6906156770754204,0.5117908006632582,0.8591101072368205,164.46205268328774
334,79.52358361371444,49.68527708156034,-0.7255890076689213,-0.68812832520543,0.5168972210340291,0.8560474653237973,164.60648399942392
335,78.34695248800563,48.556964138988405,-0.7247754508333992,-0.6889851564941315,0.520944704103977,0.8535904259456171,164.94547054175882
336,77.517779289803,47.43462073849514,-0.6769806280490556,-0.7360008350853322,0.5220995777029386,0.8528845355394908,168.86504582899786
337,76.51811290965998,46.120971461292356,-0.6653307466653005,-0.7465487241579037,0.5236347269508892,0.8519428811434883,169.86867475887917
338,75.86196584400022,44.44755196431652,-0.6160447060371352,-0.7877111908330487,0.5207672415173882,0.8536987057284147,173.35586085631903
339,75.20258338141139,42.96245340164751,-0.5406854305366828,-0.8412248600733112,0.5188936682492769,0.8548387924344621,178.52775890072076
340,74.367129942053,42.20567402523011,-0.5309835413503804,-0.8473821326975269,0.521722596340844,0.8531151929648004,179.37593807459697
341,71.8376083377807,40.68844391638413,-0.644081338391645,-0.7649570115605369,0.5333687965364803,0.8458828091888536,172.13652242487026
342,71.00843611551682,39.56610005348921,-0.6434375069716498,-0.7654986444286548,0.5342285886445198,0.8453400588372022,172.24298535841038
343,70.17228032252751,38.25525955995545,-0.6765911744618992,-0.7363588681073026,0.5342825236021543,0.845305971215934,169.71743074478997
344,67.82924091230961,35.998807322233915,-0.7270164134840847,-0.6866200801933617,0.5404612756563549,0.8413688902710306,166.0781962470245
345,66.82634054435766,34.873478210065514,-0.7169534430205694,-0.6971210515692029,0.5423079812036249,0.8401797745261718,167.03737127166463
346,65.99393335889908,33.93945498391986,-0.654581921123743,-0.7559910770227054,0.5438003312464675,0.8392146326990684,172.05476393721676
347,65.32522599527147,32.99716339353472,-0.6542815126703816,-0.7562510840836907,0.5441735079402195,0.8389727011387413,172.10300926745816
348,64.49910012059263,31.697575779166073,-0.6542620996344103,-0.7562678791155769,0.544067093264637,0.8390417141159127,172.09721298383144
349,63.325707366282586,30.380940379574895,-0.6254772366062555,-0.7802424152065833,0.5460578677125492,0.837747459028808,174.37976036040726
350,62.316526582144434,29.62117517273873,-0.6514439744443349,-0.7586967432117846,0.5492143563818077,0.8356815127452064,172.6625711835736
351,61.82459375477629,28.504625112283975,-0.6086739466624872,-0.7934204601939072,0.5477489878085884,0.8366427232425242,175.71903845376835
352,61.15893235907424,27.385089987888932,-0.5960773354010196,-0.8029270267099123,0.5473450589628771,0.8369070357147946,176.59559183048964
353,60.503490403760225,26.26573041267693,-0.5925450062185741,-0.8055373458787806,0.5468898691399942,0.8372045574601467,176.8160871972169
354,60.011557852325495,25.14918026421219,-0.5351329153411696,-0.8447678751695408,0.5454922230008532,0.8381158837807499,179.29461900427947
355,59.0117043297505,23.8466071896255,-0.4967131747449517,-0.8679147550507429,0.5463763578145061,0.8375397755458275,176.66401322033795
356,58.35251501298626,22.35042989021167,-0.491372872425837,-0.8709493098016566,0.5445590034337829,0.8387225356333317,176.43632387789194
357,56.03803163935663,18.432319415267557,-0.49650667260819953,-0.8680329049382484,0.5432868747421791,0.8395471229972,176.86147897760895
358,55.03513345285319,17.30698928516358,-0.5210039407324579,-0.8535542711165176,0.5447935162472574,0.8385702264300524,178.38906359219683
359,54.0289995468338,16.36998007679358,-0.5631273292496316,-0.8263701416751317,0.5469452754590715,0.8371683615934136,178.8853469373821
360,53.533832004875876,15.441750631202012,-0.5460190852349849,-0.8377727368201654,0.5463489598933241,0.8375576481792062,179.97743677829058
361,52.52788867268828,14.493663591798395,-0.5955443672130988,-0.8033224176386153,0.5484042687964383,0.8362133447666593,176.7061593347816
362,51.35754401941085,12.99978368356824,-0.6527209635154633,-0.7575984053490644,0.5493983367425523,0.8355605708651628,172.57867974464054
363,50.36416402072064,11.320567834656686,-0.6151595834029528,-0.7884026172885943,0.548829687790171,0.8359341922664386,175.32324483696246
364,49.35803083484643,10.383558235596865,-0.6151594994966741,-0.7884026827573593,0.5508174427246614,0.8346257513342519,175.45960032478783
365,48.18140528339427,9.255242329556495,-0.6542871056563763,-0.7562462451951757,0.5529817788387368,0.8331933462722481,172.7062003161523
366,47.181744330126094,7.941590525209904,-0.6322000053098286,-0.7748052357116934,0.553612810392677,0.8327741927852482,174.40259957515713
367,46.52954040921759,6.633909111376852,-0.6042847462156102,-0.7967684390656644,0.552552087605688,0.8334783683351332,176.36488332130816
368,45.68063524813624,6.0652731652371585,-0.6653279154183835,-0.746551247380264,0.5548432754982539,0.8319548903843097,171.99243357892513
369,44.84823113618768,5.131248438730836,-0.6514423058545356,-0.7586981759190713,0.5558484207201907,0.8312836658944227,173.11873777010172
370,43.842098733613966,4.194238385651261,-0.6509040535005772,-0.7591600049637216,0.5576494771301614,0.8300765390350806,173.28360042539396
371,42.66242842623615,3.2431652578525245,-0.6932361754286991,-0.7207104863098566,0.5601817220646006,0.8283697473138059,170.18153666069463
372,41.65953234626795,2.1178340073674917,-0.733249431160046,-0.6799597574147084,0.5612991413701005,0.827612997660856,166.98618814419982
373,40.65016428375384,1.3691447167657316,-0.7309811709611592,-0.6823976316637189,0.5635925481560988,0.8260529278822971,167.33590005996308
374,39.12678482712363,0.7889182884246111,-0.7965623658395905,-0.6045563640621398,0.5686768131331357,0.8225610507462291,161.85493228292341
375,37.95409829550772,0.026341360062360764,-0.8162055533318145,-0.5777616244700807,0.5715409529118122,0.8205735428008007,160.15101187985056
376,36.42120104446076,0.0,-0.8873490413849674,-0.46109833956888135,0.5781787246011519,0.8159101435933893,152.780549608756
377,34.53132898197509,0.5215730890631676,-0.9758316253790524,-0.21852377195645495,0.587911994610301,0.8089248955208002,138.6313183981813
378,32.651676078588935,1.0433215596713126,-0.9991713369099967,-0.04070183653706527,0.5974332575038425,0.8019186385340769,129.01897641267882
379,31.279752653004834,1.7621714947745204,-0.9923961201173742,0.12308509566954941,0.6053268293238961,0.7959770283749894,120.18217804918103
380,29.894563926383853,2.6580890235491097,-0.9506032648834472,0.31040849342911186,0.6137420281692025,0.7895066325615978,109.77672066195379
381,28.51959434209857,3.5541820521466434,-0.9119880501652341,0.4102167675215319,0.6220329260269951,0.7829910848396007,104.24628943107362
382,26.977178278262727,4.081725136376917,-0.9045759999431631,0.4263123975757998,0.6297282214656714,0.7768155296398769,103.79631184347494
383,25.59573585225735,5.35445998981595,-0.8533262262867176,0.5213773600102612,0.6390441547423926,0.7691700516073029,98.29589388790231
384,24.55153076039278,6.632990112993866,-0.8100188678768916,0.5864038145198569,0.6470368256973972,0.7624587504851892,94.41633689915649
385,23.33055111739668,8.085777997039258,-0.7706593810214102,0.6372472977139227,0.6561967527648511,0.7545898367065812,91.42359416400619
386,23.33055111739668,8.085777997039258,-0.7532105854197022,0.6577794569699706,0.6561967527648511,0.7545898367065812,89.87971586088585
387,22.463310419698246,9.178972472436726,-0.6629663590186179,0.748649188077832,0.6628626101995527,0.7487410500296054,83.04505737427266
388,20.21087944775354,11.168083642609417,-0.6795351799682564,0.7336429234890154,0.6772796807604763,0.7357256513327419,85.43876272969374
389,19.34363834679243,12.261277968529612,-0.679163283243338,0.7339872169827819,0.6838164579596091,0.7296540631172928,85.92089281304762
390,18.30895089218393,12.985922317951918,-0.7157091251589628,0.698398488088421,0.6896923746357292,0.7241024985244348,89.3071073058478
391,18.30895089218393,12.985922317951918,-0.7157091251589628,0.698398488088421,0.6896923746357292,0.7241024985244348,89.3071073058478
392,17.601982417108957,14.27024754229933,-0.6905853408206497,0.7232509156880668,0.6962250551577943,0.7178235664636027,87.8013803751347
393,16.557966408727225,15.537699497770518,-0.6413821588188607,0.767221562750199,0.703788266809286,0.7104097940636668,84.62669389219701
394,14.813263728079619,17.72391213942319,-0.6383680390671744,0.7697312821352206,0.716506930816923,0.6975799725417244,85.43706976012135
395,13.94278548049624,19.005427254363894,-0.5871459921983637,0.8094810583610954,0.7234029979734808,0.6904260297258352,82.29089735993138
396,12.895532445516437,20.461200047284365,-0.5865301610474332,0.8099273857461989,0.731354701455851,0.6819972878673514,82.9112465830054
397,11.848088836297393,21.928050490561873,-0.6007040968088682,0.7994714429402978,0.73926793586341,0.6734114039754993,84.58943375052087
398,11.141309809871018,23.201297774445266,-0.5771850428442489,0.8166133885241428,0.7454848356990988,0.6665225875712596,83.45355568949272
399,10.100338708754862,24.291506028734148,-0.5830214183083555,0.812456783954515,0.7520208379141681,0.6591393322681272,84.4290685558416
400,8.895858103292994,25.378904189448804,-0.620798073434849,0.7839705045596932,0.758922990209463,0.6511803858621107,87.74378033574531
401,7.861169213894755,26.10354792419821,-0.6657620615551612,0.7461641088888032,0.7640967374526964,0.6451016786632517,91.56751585057866
402,6.6497054247302,27.002449250314385,-0.7155889043732246,0.6985216674792043,0.7702265387916987,0.6377703967267216,96.06571901681052
403,5.949017924023792,27.92120965756476,-0.7399651456481006,0.6726452134862666,0.7749981195378275,0.6319635390691707,98.53330868450993
404,5.419012969679898,29.020199079997838,-0.7035384970639615,0.7106571488059359,0.7798656611228363,0.6259469231503911,95.95986916488835
405,5.069209661014611,29.745532092172652,-0.6590749787836023,0.7520772382816767,0.7830621599107421,0.6219434489693765,92.77116879686241
406,4.368521944445092,30.66429244261235,-0.608001287555593,0.7939360391938013,0.7877316701362558,0.616018519092036,89.41915790063923
407,3.337068964232458,31.20061485748738,-0.6194478806441792,0.7850377845463457,0.7919549792253442,0.6105794877656672,90.64441148790404
408,2.2930505992262624,32.468065998051316,-0.6266247322172009,0.779321143671671,0.798430260187494,0.6020873023216242,91.78200170033607
409,1.419333942933008,33.937901583034545,-0.6309769958263457,0.7758015408195318,0.8050475612249597,0.5932102697743398,92.73708917258676
410,0.8893284731020685,35.03689088579267,-0.619871988100546,0.7847029491267867,0.8096635390152608,0.5868943291507284,92.36985825443324
411,0.36255946807796136,35.94755912106484,-0.6041918504666678,0.7968388844864838,0.8136541183804175,0.5813492716453559,91.6252111662413
412,0.0,37.415098550729454,-0.47308934227034627,0.8810144574467613,0.8189705079499915,0.5738356098292724,83.21689007001882
413,0.31496335900737904,38.71698637539521,-0.3017894336478733,0.9533746051466316,0.8223075984747884,0.5690432439548214,72.88157724240085
414,0.4601345895207487,40.38162846956402,-0.14723552056183414,0.9891014616736171,0.8271387201465994,0.5619978092788668,64.27268227697654
415,1.1060538578603882,42.05487650865689,0.030866708602747085,0.9995235096284795,0.8309678639157065,0.5563204194880572,54.429476685732205
416,2.1121867517358623,42.99188945861533,0.24104995562980525,0.9705127092886877,0.8317912172852866,0.5550886153102594,42.33466353067349
417,2.600879391276976,44.29676291812211,0.35353611418154646,0.9354208763810078,0.8348607547331874,0.5504611886466956,35.897588961225274
418,3.269774035725277,45.22797996085137,0.4132543997762179,0.9106156165285098,0.8364052687376365,0.5481115091182832,32.35301344121518
419,4.105224448663648,45.98476369213313,0.5453092787444161,0.8382349256116954,0.8370690157451436,0.5470973065913016,23.78609573732205
420,4.77088280551834,47.10430169571191,0.5873872655495015,0.8093059991562396,0.8392504036646358,0.5437451240689392,21.08922952353957
421,5.603287332953187,48.038328662049025,0.5689248296797511,0.8223895294651229,0.8405161434236111,0.5417865009801365,22.51937844820475
422,6.602948059298797,49.351983323693275,0.6207047730464985,0.7840443767525501,0.8426786420274324,0.538416851770821,19.056448996294368
423,7.098114224296296,50.280214480590075,0.6039468699005774,0.7970245782516967,0.8446616844393645,0.5353005126469201,20.4826088110962
424,7.429580439144047,51.216713298577815,0.5362936118303293,0.8440314934349191,0.84701974273227,0.5315614314656014,25.45730113268252
425,7.754254146711901,51.9536377270706,0.5239909910067414,0.8517238057866957,0.8487530049069925,0.5287895012775415,26.475955190966324
426,8.416676680295495,53.261496549937874,0.47421929529245205,0.880406758250032,0.8516748812151541,0.5240705073815478,30.085778090170223
427,9.933778565638931,54.20729011297226,0.5656989980036867,0.8246118139207229,0.8517153780083737,0.5240046897347896,23.947891337911365
428,11.273915229568956,55.33841893961653,0.6366353200709097,0.7711650077890013,0.8527398728937735,0.5223358203082678,18.9695565751657
429,12.96455617097672,56.29827545816079,0.7366345601096376,0.6762910060410983,0.8524831203994697,0.5227547507521889,11.037267858451429
430,13.450204358261544,57.78039173735306,0.6990347852452398,0.7150876652670927,0.8565099097377685,0.5161305789439331,14.57732967162571
431,13.942134950630134,58.896943625062704,0.7001043699191205,0.7140405249144836,0.8593024595706337,0.5114677731547314,14.802974866321653
432,14.08337111727451,60.19584540370852,0.569550415827136,0.8219564002008479,0.8634304422634977,0.5044679091603952,24.985081812762168
433,14.572255912498804,61.48964058235288,0.4725601764459934,0.8812984055570121,0.8668574289120278,0.4985561131307375,31.894869025757433
434,15.575154742808081,62.61497342353687,0.38195108223586616,0.9241825419141235,0.8687333263068041,0.4952801305967319,37.85718618536073
435,15.897103327617515,64.10535735543817,0.36080496701898346,0.9326412899793951,0.8731976930184085,0.48736617538287264,39.68274553314676
436,16.903238737839274,65.04236904531717,0.4340768458284738,0.900875847115241,0.8744872042624013,0.4850485847637628,35.25777771776395
437,17.398406167980283,65.97059973049909,0.4978560317883096,0.8672596909876521,0.8767365672100957,0.48097088447915143,31.392911490664982
438,19.731925710773794,68.78094557672739,0.5776441918494943,0.8162886668468115,0.8820880871736501,0.4710845003460962,26.610265489975735
439,20.567378360312432,69.53772815316916,0.584909536907055,0.8110985350961831,0.8831772339115758,0.46903941572142716,26.231439551100294
440,21.419522898999276,69.91804423509166,0.6887735234787541,0.7249765743488973,0.8829220129649538,0.4695196684079529,18.46377743930463
441,24.39966876176186,74.95569686079398,0.6031588034509876,0.7976211242310305,0.8953361993568275,0.44539094077144303,26.455179399418206
442,25.55960690259235,76.4604807025753,0.6140533281866511,0.7892645374922763,0.8986544260674413,0.4386572950600478,26.098591783645148
443,27.0734761407075,77.59459317242727,0.6400220164082736,0.7683565699027292,0.9000813790469324,0.4357218276526578,24.375304984413983
444,29.092032264423324,79.10305028501898,0.6653287993975854,0.7465504595753509,0.90203198105334,0.4316692080250649,22.7189060679662
445,30.953360655083088,80.24313302477822,0.6783948382568017,0.7346975183206541,0.9029620405963831,0.42972031979185693,21.831850730570206
446,31.95302600917057,81.5567855075933,0.7529766658821535,0.6580472176348713,0.9061036624035277,0.4230557327101404,16.123452466596355
447,32.78543431946309,82.49081056239083,0.7677608685891185,0.6407364892553584,0.9081518141413906,0.4186409947337945,15.097942093592758
448,33.61784273840021,83.42483555851504,0.7466707976865637,0.665193746123722,0.910224511267784,0.4141151278175232,17.233586561685254
449,34.283505249157315,84.54437181912363,0.6903006937531257,0.7235225996497644,0.9132982343511766,0.40729146213863027,22.31128203033179
450,35.292688921355875,85.30413869069889,0.6509058032389904,0.759158504733896,0.9144688503354084,0.4046563007865275,25.520478607490343
451,35.95835165432072,86.42367485258728,0.635451886047166,0.7721404668317156,0.9175871621741263,0.3975346523427029,27.122344039820387
452,37.295257316785865,87.74312182283029,0.6514441386170048,0.7586966022472678,0.920397534435012,0.39098385977678274,26.33369568017327
453,37.295257316785865,87.74312182283029,0.6483514507186018,0.7613411826185974,0.920397534435012,0.39098385977678274,26.566844778415614
454,38.30139573747874,88.68013175204396,0.6968120167792904,0.7172537997612686,0.9223370172639449,0.3863863695637429,23.098377243987958
455,39.48754526881385,89.25456252414733,0.7279986937409979,0.6855785162265521,0.9226348478111548,0.3856746525304549,20.595491268992156
456,40.83396897971397,90.02012380911037,0.8047491981291505,0.5936149662116762,0.9234243995814334,0.38378037763500755,13.845913573715002
457,41.32913887090399,90.94835344795138,0.7829354683990367,0.6221029274346656,0.9262334067008391,0.37695049583646656,16.324947731507866
458,41.99156641916488,92.25621026800945,0.7210319654206666,0.6929018002874655,0.9302420642752872,0.3669464563841056,22.332832588509344
459,42.99770544745843,93.19321981444955,0.7210320395691063,0.6929017231287672,0.9323230870751769,0.36162641124040185,22.660133455719873
460,44.00689015354146,93.95298598473892,0.6932386229780642,0.720708132055881,0.9337474457034847,0.35793254621816367,25.13969533809121
461,45.34703310552868,95.0841110846959,0.6653302877209475,0.7465491331728684,0.9361512136465912,0.35159764673275967,27.70726534459968
462,46.35640840276028,95.83279936295003,0.7172214334914642,0.6968453310028339,0.9375935652183744,0.3477330965857257,23.825725538383157
463,47.365593456081115,96.59256526827812,0.7782387726857479,0.627968480648974,0.9391048844971143,0.3436306387877276,18.80217198785048
464,48.88574771260028,97.36111083859578,0.8162078810997548,0.5777583360113884,0.9399480896182858,0.34131743117358504,15.335870469988889
465,49.55464789393591,98.29232523171231,0.7876692666754019,0.6160983089856963,0.9426765780838308,0.3337077600718318,18.53779213908773
466,50.894791654107394,99.42344974493608,0.7876693506562952,0.6160982016178025,0.9452824099153507,0.32625322297967674,18.99024256222283
467,51.7239664158551,100.54579449817538,0.751439019555212,0.6598025461377833,0.9485711553447556,0.31656399550156616,22.829558956148052
468,52.39914814947406,101.11144445184618,0.7441256863465288,0.6680396417274258,0.9498997801283893,0.3125546475610911,23.702690073456676
469,53.07109416575986,101.86541535891593,0.680693673393719,0.7325681695253795,0.9519723319545237,0.3061840609716091,29.272713028670985
470,54.247025885706535,102.43966919090599,0.7492822312010184,0.6622508120088818,0.9527387665204424,0.3037907878279161,23.786329662034003
471,55.25640212200233,103.18835676461458,0.7569894020450176,0.6534271536992681,0.9544146238938434,0.29848404596824524,23.433921593957244
472,56.4298008538899,104.50499223452061,0.7652003618213228,0.6437922073685861,0.958118264220268,0.2863728195334545,23.434253525547096
473,57.25897633988643,105.62733660405502,0.7325533382880514,0.6807096345454733,0.9614561146591812,0.2749584324665662,26.939584282194392
474,58.27139830586384,106.19878065539524,0.7682373712140982,0.6401650892309357,0.9625237627136958,0.2711973565716837,24.068601924498747
475,58.763334218616365,107.31533052353188,0.6795544147351551,0.7336251068590556,0.9661566054382618,0.2579562245188417,32.24234052909499
476,59.77252068236703,108.07509543607011,0.6787086639569134,0.7344076180635802,0.9679461325484097,0.2511578875619405,32.71114370255259
477,60.43190541077638,109.56019445694983,0.6207095671718126,0.78404058136131,0.9725802237994398,0.23256764236288618,38.18374377218649
478,61.434811149636516,110.68552348902449,0.6366397003894985,0.7711613915957992,0.9755692822152661,0.2196920016704994,37.767352233921045
479,62.25770645283046,112.17343175690621,0.5550093180056844,0.8318441301871794,0.9797366404241707,0.20029007816254718,44.734720893344175
480,63.25737689825473,113.48708161013201,0.5886424767710412,0.8083934899174128,0.9830557606122388,0.183306768906914,43.3768373759944
481,64.09353723897948,114.79792205058038,0.5406867090196432,0.8412240383450222,0.9862596737171075,0.16520246971345373,47.76060510857133
482,64.57595746830339,116.46835687197745,0.5144185901114086,0.8575392201805062,0.9901784344830141,0.139809398413581,51.00458223542985
483,65.40513431452564,117.59070064872503,0.4984566222792162,0.8669146415339833,0.9923597579038136,0.12337791898506205,53.014964338456
484,66.24382769590011,118.15915914531797,0.5542800464582847,0.8323302410090612,0.9932904420008498,0.11564643457433739,49.697947723415815
485,66.40176020123181,119.08159349160269,0.48996178170659377,0.8717439144994934,0.9949382205301339,0.10048849351209636,54.894629580796625
486,67.06114620133303,120.56669208873063,0.45744711096410023,0.8892368304735236,0.9970853658561891,0.07629399186980217,58.40192783831468
487,67.71335817698855,121.8743717954494,0.5019469751227503,0.8648983952841636,0.9985148525162402,0.05448017349890755,56.748075132819054
488,68.72578166812309,122.44581497600302,0.5645364987125269,0.8254081061035209,0.9989715447740046,0.04534151223590684,53.0311206029519
489,70.07614854647545,123.57711295410991,0.577475730494485,0.8164078519281041,0.9996645943704712,0.025897852461572765,53.24280231625099
490,71.41629622978508,124.70823521073908,0.6653325036743117,0.7465471582924096,0.9999851761624412,0.005444947692273199,47.98018671129244
491,72.93340940328198,125.65402115276083,0.7558142872306653,0.6547860438479131,0.9999211169084097,-0.012560253207583,41.62309707935563
492,73.93631725810701,126.77934912405908,0.7853665091040956,0.6190310544533664,0.9993934413531004,-0.034824551402813826,40.24111475054357
493,74.77177603033488,127.5361280143261,0.7649766910706611,0.6440579648747324,0.9987277066357263,-0.05042784943007824,42.98561051910453
494,75.60793828286114,128.84696761285886,0.7240409548978503,0.6897569830241729,0.9969805884485805,-0.07765118322808959,48.0644434082418
495,76.77759244223125,129.78678356809542,0.7259915146981499,0.6877036575344687,0.9951093708948123,-0.09877924861695678,49.117485750744585
496,77.96051124567748,130.54953173035756,0.7164212615563601,0.6976679553985502,0.9931126418306547,-0.11716347825213123,50.96862884308369
497,78.44940454445896,131.84332395531237,0.6653331019211085,0.7465466251266802,0.9893663293069935,-0.14544506328372003,56.655167522226606
498,79.12135336786741,132.59729339648038,0.6517786669108493,0.7584092360723965,0.9865647708674087,-0.16337059981323915,58.72675200704602
499,79.78003779033315,133.5283304839395,0.6653332360657943,0.7465465055749829,0.9826764497160414,-0.18532942338839914,58.972443665421565
500,80.44570633306284,134.64786406233907,0.6023414012751395,0.7982385835763023,0.9773484021594999,-0.21163671892247865,65.18051256637929
501,81.11442003320553,135.59015434607863,0.5304245346183066,0.847732158806632,0.9720969427578707,-0.23457948307727403,71.53269263573094
502,81.77634008199675,136.33287036186084,0.5953830299651779,0.8034420001652167,0.9673042410958511,-0.2536188186195566,68.15181682091985
503,82.27779471129179,136.89553398499265,0.5918998681240258,0.8060115049518589,0.9633534270246813,-0.26823529715494565,69.26733886658852
504,83.63767963007558,137.4729453222826,0.6991811107282192,0.7149445953364875,0.9574159978203484,-0.2887119795188046,62.41951855560178
505,84.64363414427498,138.421029149089,0.7437318082313823,0.6684781203785793,0.9489023961266845,-0.31556971119712446,60.34492395315293
506,86.3337756456458,138.81573740951717,0.8506621862710887,0.5257127018139199,0.941692750851769,-0.3364740153313894,51.378431394877026
507,87.8539361404546,139.58427832927555,0.8817483893355464,0.4717200206734602,0.9308266771524648,-0.3654609378597133,49.58195719558158
508,88.86331662119483,140.3329631765373,0.8865017630197135,0.46272521453119425,0.9205611820885826,-0.3905983999348583,50.554839621811304
509,89.86299147646059,141.64661078667268,0.8306029541616889,0.5568650936608212,0.9037103278561619,-0.42814441877257775,59.189131936939965
510,89.86299147646059,141.64661078667268,0.8506623676605368,0.5257124083053109,0.9037103278561619,-0.42814441877257775,57.06607243500214
511,90.86913697159616,142.58361641829833,0.769187007820599,0.6390237452552086,0.8889634159328712,-0.457978214692534,66.9757832533605
512,91.71158170633134,143.5288906795904,0.6991816813443524,0.7149440373011615,0.8737633582352149,-0.4863513069844878,74.73965735982524
513,92.52820204352611,145.38236093707383,0.587395283753292,0.8093001795529207,0.8469711190749017,-0.5316389032538991,86.14386925303802
514,93.36042764375452,146.3274595164694,0.5985531830279573,0.8010830712773179,0.8292040054399532,-0.5589460773297709,87.2165961253953
515,94.19678302106331,147.62722007650882,0.5867767307095471,0.8097487686300089,0.8059281861006056,-0.592013309688716,90.37140199731951
516,94.85527881290182,148.56933402689174,0.5542826581068637,0.8323285018080239,0.7877863325554204,-0.6159486133102992,94.35956034199505
517,95.52418441267218,149.50054579554126,0.5381265040837824,0.8428640848930312,0.7690243388921805,-0.6392194976621449,97.17745129053243
518,96.53033082693582,150.4375509484671,0.6207127986094637,0.7840380230845998,0.7457007371483515,-0.6662810297587686,93.41247219668155
519,96.53033082693582,150.4375509484671,0.6107142189740757,0.7918510862169003,0.7457007371483515,-0.6662810297587686,94.13951412354541
520,97.19600149043254,151.55708356155083,0.6066876524303807,0.7949403074373029,0.7231359335312534,-0.6907057417134179,96.33561832996438
521,97.69422211733763,152.30806748615578,0.6047464399478907,0.7964180707206187,0.7070771361747192,-0.7071364249555792,97.79180394639485
522,100.21101648031618,154.56749699730426,0.6790343461368845,0.7341065023322255,0.6424667610274816,-0.7663135526498646,97.25576399247593
523,100.86970329278847,155.49853290524334,0.6509113815926759,0.759153721793626,0.6204756922186632,-0.7842256788487425,101.03876820144953
524,102.22312044078717,156.45258415443823,0.6873842088749563,0.7262939827572237,0.5865245145427099,-0.8099314747806993,100.66583550404302
525,103.22298796326504,157.755152921658,0.6971429508406026,0.7169321488769054,0.5536479842009981,-0.8327508088198843,102.184128674273
526,104.05521498480812,158.7002507550642,0.7053753028551373,0.7088340300253815,0.5278610517347997,-0.8493307424445622,103.27907951546538
527,105.39232376133441,160.0086125661619,0.6896057898979459,0.7241849587910744,0.4886574992048921,-0.8724757007910425,107.14870715209169
528,106.56573171701166,161.32524312660098,0.6990423797552664,0.7150802411660483,0.4525405372712937,-0.8917438321212032,108.74297621313691
529,107.74237487112987,162.45355264516547,0.6769478091721822,0.7360310208523706,0.4184857557826638,-0.9082233603068206,112.65538418109396
530,108.91507842304418,163.2161223529838,0.721604989843803,0.6923050184943953,0.3879324972575797,-0.9216877874700836,110.9869347894905
531,109.75448089110432,164.33863856829703,0.7108933778754302,0.703299797591938,0.36135809336445235,-0.9324271169158518,113.50872579933282
532,110.92414004419697,165.278451312799,0.7240436481022946,0.6897541559445081,0.32989943131270627,-0.9440160831360623,114.34797983367812
533,111.76030786245246,166.58928830781952,0.7023944891216476,0.7117878768646876,0.3033438149139322,-0.952881173050167,117.72201715018429
534,112.76322158402763,167.71461305115372,0.6903984272115858,0.7234293411963387,0.27539944600284266,-0.961329883620252,120.3525239431512
535,113.25211946474155,169.00840367237106,0.5993656581374857,0.8004753636717489,0.2579148778074834,-0.966167643737644,128.22914598236773
536,114.08758268810925,169.76517988927662,0.6239808059647245,0.7814396674008897,0.23683492464610245,-0.9715499052894169,127.6927696190895
537,114.75325566175161,170.88471147976816,0.5640068602625461,0.8257701021330239,0.21794665966014318,-0.9759606823755688,133.07818669262602
538,115.75616992363939,172.01003596745431,0.5933556042222794,0.8049404493116331,0.19294055941324165,-0.9812104466083234,132.4800627276185
539,116.91936037832056,173.32648996729404,0.5951529232799379,0.8036124674937195,0.16491972360302984,-0.9863069931652619,133.98389449688656
540,118.27924985592836,173.90389764588326,0.7164244245909054,0.6976647073269437,0.13614804181795787,-0.990688503369821,126.414931313062
541,118.94117356656352,174.64661162579432,0.7050816673323625,0.7091261117684327,0.12114030286987909,-0.9926353948054613,128.2059405370452
542,120.12409808530356,175.40935582946986,0.7647828143838926,0.6442881706372177,0.09627679854208775,-0.9953545991567458,124.58751404688675
543,120.61604144459125,176.5259028999135,0.73255826038624,0.6807043375356777,0.08477631819502308,-0.9964000079653232,128.0355445907074
544,121.45150547620142,177.28267861763015,0.753353667524179,0.6576155804327242,0.06771553500169897,-0.9977046688872583,127.23549035921044
545,122.80188144702697,178.41397085320204,0.7080892041524511,0.7061229913851753,0.041117699929985436,-0.99915430978026,132.56380536347308
546,123.63753597671166,179.1596687254496,0.7210382991844838,0.6928952093276061,0.025148475698867207,-0.9996837270707288,132.4186755521479
547,124.64349595902604,180.10774927493185,0.6932451451994464,0.7207018583696025,0.006469082586612092,-0.9999790752663215,135.74180388860128
548,125.64964634980424,181.04475204274058,0.7441312066580105,0.6680334926316893,-0.011590785682256776,-0.999932824587366,132.57958763106043
549,126.1353111891658,182.52686297614127,0.6661343247473499,0.7458317916215372,-0.019731480265541303,-0.9998053153922171,139.3611972718208
550,126.45029014200554,183.82874658051878,0.558781913960376,0.8293146403089595,-0.024645257878688043,-0.9996962595029018,147.44061147749312
551,127.45644092009752,184.76574918674305,0.5629923270547111,0.8264621223489443,-0.04106647603951644,-0.9991564164562503,148.09060686184532
552,128.11888097660267,186.0736009008251,0.5033635640808263,0.8640747203545813,-0.05100112006883891,-0.9986985960497411,152.7006349912316
553,128.27358386988635,187.18435499211773,0.39299277466400834,0.9195415591814673,-0.052570412981511494,-0.9986172197989345,159.87260467498473
554,128.08082582664792,188.2891409341246,0.31988873347853103,0.9474551167171464,-0.04862101279867379,-0.9988172991665849,164.1306815036264
555,127.90081624148297,188.65172096388415,0.28800975037068893,0.9576274764705811,-0.045526004602458224,-0.9989631539275795,165.87050968092993
556,127.37081660257536,189.75071427738294,-0.017173979712460628,0.9998525163347021,-0.0365900058248194,-0.999330361529029,176.91903408103144
557,127.02082652473473,190.48712755693123,-0.2414330565031124,0.9704174767735612,-0.03084369602536378,-0.999524220024455,164.26137011641615
558,127.00179889934952,191.59489757521078,-0.2770627196145495,0.960851835300214,-0.030045772390600717,-0.999548523865376,162.19326835388523
559,127.15022271240014,193.07121577998623,-0.1910190300895719,0.9815863335151114,-0.03157209332498445,-0.9995014771990477,167.17849204529523
560,127.11216753142071,195.2867558072321,-0.11803043342922066,0.9930099781898016,-0.030037159358219646,-0.9995487827303322,171.50029175245078
561,127.61039133742452,196.03773840656504,0.03807858500292197,0.9992747476866286,-0.03672175891355849,-0.9993255287554174,179.92220515785525
562,128.12459829557338,195.85819417843595,0.20129668647831686,0.9795303180672104,-0.044053688671724614,-0.9990291649969059,170.9121116031154
563,128.12459829557338,195.85819417843595,0.25467981155416247,0.9670254358530266,-0.044053688671724614,-0.9990291649969059,167.77029425927506
564,128.28810942368,195.86100271018222,0.3776688601568234,0.9259407281612824,-0.046352367003043515,-0.998925151386837,160.46738589359296
565,128.28810942368,195.86100271018222,0.8985826717980981,0.4388042638172417,-0.046352367003043515,-0.998925151386837,118.68436026379563
566,128.28810942368,195.86100271018222,0.9676383068205856,-0.2523412514302608,-0.046352367003043515,-0.998925151386837,78.04064819064813
567,128.28810942368,195.86100271018222,0.9998525183576535,0.017173861937779984,-0.046352367003043515,-0.998925151386837,93.64078511816695
568,128.28810942368,195.86100271018222,0.9998525183576535,0.017173861937779984,-0.046352367003043515,-0.998925151386837,93.64078511816695
569,128.28810942368,195.86100271018222,,,-0.046352367003043515,-0.998925151386837,
570,128.96006389078684,196.61496931826696,0.6653378309519057,0.7465424105194649,-0.05521224692943517,-0.9984746405337509,141.4567900815032
571,128.78005425131414,196.97754936199635,0.403194710828596,0.9151142142704619,-0.052444856149673716,-0.9986238215982232,159.22820028205226
572,128.78005425131414,196.97754936199635,0.403194710828596,0.9151142142704619,-0.052444856149673716,-0.9986238215982232,159.22820028205226
573,128.61007377752685,197.35138263832778,0.2111573833545968,0.9774520752726652,-0.04983440686062786,-0.9987574940358893,170.66629786799925
574,128.60379471845226,197.71694673830643,0.16768574066616723,0.9858405004752234,-0.049498464214348545,-0.9987741997270558,173.18392217284156
575,128.60379471845226,197.71694673830643,-0.3076225752667098,0.9515084609115557,-0.049498464214348545,-0.9987741997270558,159.2467734275841
576,128.60379471845226,197.71694673830643,-0.23188513137156838,0.9727431756886247,-0.049498464214348545,-0.9987741997270558,163.75470477180056
577,128.60379471845226,197.71694673830643,-0.23188513137156838,0.9727431756886247,-0.049498464214348545,-0.9987741997270558,163.75470477180056
578,128.73876471768017,199.3814102630131,0.06326668977603611,0.99799665628938,-0.05020139511080553,-0.9987391150490346,179.25020068270615
579,128.90621628740337,199.74995841598138,0.1471364274961814,0.9891162073809432,-0.05218589697965682,-0.9986373877221044,174.53037585751187
580,129.2402234210167,199.94407188380137,0.27476392885914663,0.9615117177642121,-0.056488162682726176,-0.9984032689633633,167.29031067685995
581,129.40767501087976,200.31262002931908,0.2958374056057606,0.95523831028935,-0.05842507937434381,-0.9982917960697172,166.1416591828196
582,129.22443069485598,200.8635209798813,0.19351346335403355,0.981097619761014,-0.05559847903136652,-0.9984532082823905,172.029304347857
583,128.69443083481747,201.962514358107,-0.01717379185383132,0.9998525195614407,-0.047947779422808444,-0.9988498437945624,176.26770671160924
584,127.66297211675555,202.49884607177228,-0.412085255583782,0.9111452914494204,-0.0343411746786694,-0.9994101679098973,153.69611390798102
585,126.45525363858906,203.77457508258522,-0.5880542016844482,0.8088215228845398,-0.018470494817900973,-0.9998294058594104,142.92260872373203
586,125.75152280149632,204.87058430118486,-0.6257151774344568,0.7800516115797506,-0.009408839844868438,-0.999955735886731,140.72620638498836
587,125.41104618893587,205.05311256600544,-0.6731235044585797,0.7395300857608164,-0.005134600733041534,-0.9999868178507716,137.3972092163167
588,124.54956777984626,205.21561083756387,-0.7866484540559442,0.6174011740605884,0.00561518031558254,-0.9999842347507404,128.44832963611535
589,124.20585642990773,205.58645997708663,-0.7458408185266315,0.6661242177098236,0.00985407489797958,-0.9999514474252762,132.333236251446
590,124.52730538256583,206.51170175429434,-0.5758573378857015,0.8175501980937886,0.005799003814196778,-0.9999831856360201,145.17256608272163
591,124.69475695499568,206.88024995522574,-0.46541775623223663,0.8850911321348499,0.0037278943842082527,-0.9999930513775884,152.47633124539612
